,nct_id,combined_all_target,combined_all_biobert-v1.1,condition_exact_f1_biobert-v1.1,condition_partial_f1_biobert-v1.1,other_exact_f1_biobert-v1.1,other_partial_f1_biobert-v1.1,drug_exact_f1_biobert-v1.1,drug_partial_f1_biobert-v1.1,physical_exact_f1_biobert-v1.1,physical_partial_f1_biobert-v1.1,behavioural_exact_f1_biobert-v1.1,behavioural_partial_f1_biobert-v1.1,surgical_exact_f1_biobert-v1.1,surgical_partial_f1_biobert-v1.1,radiotherapy_exact_f1_biobert-v1.1,radiotherapy_partial_f1_biobert-v1.1,control_exact_f1_biobert-v1.1,control_partial_f1_biobert-v1.1
0,NCT04045665,"unique_condition: coronary artery bypass graft|isolated coronary artery bypass graft (cabg) surgery|new-onset post-operative atrial fibrillation|post-operative atrial fibrillation, 
unique_drug: anticoagulants|anticoagulation|antiplatelet therapy|antiplatelets|oral anticoagulation","unique_condition: cabg) surgery|coronary artery bypass graft|isolated coronary artery bypass graft (|new-onset post-operative atrial fibrillation|poaf event|post-operative atrial fibrillation, 
unique_drug: anti|anticoagulation|antiplatelet|oral anticoagulation",0.6,0.8333333333333334,0.0,0.0,0.4444444444444444,0.9230769230769231,0.0,0.0,0.0,0.0,0.0,0.0,0.0,0.0,0.0,0.0
1,NCT02311036,"unique_condition: -cerebrovascular diseases, 
unique_physical: comprehensive rehabilitation","unique_condition: post-acute care-cerebrovascular diseases, 
unique_other: comprehensive rehabilitation",0.0,1.0,0.0,0.0,0.0,0.0,0.0,0.0,0.0,0.0,0.0,0.0,0.0,0.0,0.0,0.0
2,NCT05369793,"unique_condition: diabetic neuropathy|type 2 diabetic, 
unique_drug: roflumilast","unique_condition: diabetic neuropathy|type 2 diabetic, 
unique_drug: roflumilast",1.0,1.0,0.0,0.0,1.0,1.0,0.0,0.0,0.0,0.0,0.0,0.0,0.0,0.0,0.0,0.0
3,NCT04483310,"unique_condition: narcolepsy|sleep paralyses|sleep paralysis, 
unique_control: sham, 
unique_behavioural: meditation relaxation therapy|meditation-relaxation|mr therapy","unique_condition: narcolepsy|sleep paralyses|sleep paralysis, 
unique_control: sham, 
unique_behavioural: meditation-relaxation (|meditation relaxation therapy|mr therapy",1.0,1.0,0.0,0.0,0.0,0.0,0.0,0.0,0.6666666666666666,1.0,0.0,0.0,0.0,0.0,1.0,1.0
4,NCT01418976,"unique_condition: chronic, mild-to-moderate, traumatic brain injury|traumatic brain injury, 
unique_physical: intensive mobility training","unique_condition: chronic , mild-to-moderate , traumatic brain injury|locomotor impairment|neural insult|traumatic brain injury|traumatic brain injy|v, 
unique_physical: intensive mobility training",0.25,0.7272727272727273,0.0,0.0,0.0,0.0,1.0,1.0,0.0,0.0,0.0,0.0,0.0,0.0,0.0,0.0
5,NCT03689491,"unique_condition: stroke, 
unique_other: repetitive transcranial magnetic stimulation|visual feedback training","unique_condition: motor deficit|stroke, 
unique_other: repetitive transcranial magnetic stimulation|rtms extremity dysfunction|visual feedback training",0.6666666666666666,0.6666666666666666,0.8,0.8,0.0,0.0,0.0,0.0,0.0,0.0,0.0,0.0,0.0,0.0,0.0,0.0
6,NCT01075672,unique_behavioural: cognitive behavioral therapy|cognitive-behavioral therapy,unique_behavioural: cognitive-behavioral therapy|cognitive behavioral therapy,0.0,0.0,0.0,0.0,0.0,0.0,0.0,0.0,1.0,1.0,0.0,0.0,0.0,0.0,0.0,0.0
7,NCT00701363,"unique_condition: acromegalic, 
unique_drug: lanreotide|octreotide","unique_condition: acromegalic, 
unique_drug: lanreotide autogel|lanreotidegel|octreotide",1.0,1.0,0.0,0.0,0.4,1.0,0.0,0.0,0.0,0.0,0.0,0.0,0.0,0.0,0.0,0.0
8,NCT05534880,"unique_condition: blurred vision|cybersickness|dizziness|eyestrain|motion sickness|oculomotor disorders|sc|spatial disorientation|visually induced motion sickness, 
unique_control: video only, 
unique_other: binaural audio|binaural stimulation|multi-sensory conditions in virtual reality|virtual environments|virtual reality","unique_condition: cybersickness|sc|v, 
unique_other: binaural audio|binaural stimulation|v|video|virtual reality",0.3333333333333333,0.3333333333333333,0.6,0.7272727272727273,0.0,0.0,0.0,0.0,0.0,0.0,0.0,0.0,0.0,0.0,0.0,0.0
9,NCT02897024,"unique_condition: cerebral palsy|cp, 
unique_control: usual weekly, 
unique_physical: focused and high intense treatment per weekday|high intense periodic vs. every week therapy|physical therapy","unique_condition: cerebral palsy|cp, 
unique_control: every week therapy|usual weekly, 
unique_physical: physical therapy treatment, 
unique_other: focused and high intense treatment|high intense periodic|high intensity periodic",1.0,1.0,0.0,0.0,0.0,0.0,0.0,0.6666666666666666,0.0,0.0,0.0,0.0,0.0,0.0,0.6666666666666666,0.6666666666666666
10,NCT00300222,"unique_condition: postherpetic neuralgia, 
unique_drug: ngx-4010","unique_condition: postherpetic neuralgia, 
unique_drug: ngx-4010",1.0,1.0,0.0,0.0,1.0,1.0,0.0,0.0,0.0,0.0,0.0,0.0,0.0,0.0,0.0,0.0
11,NCT00105638,"unique_condition: dementia|moderate to severe dementia, 
unique_behavioural: teleconference|telehealth education program","unique_condition: dementia|moderate to severe dementia, 
unique_behavioural: stress and coping|telehealth education program",1.0,1.0,0.0,0.0,0.0,0.0,0.0,0.0,0.5,0.5,0.0,0.0,0.0,0.0,0.0,0.0
12,NCT04909398,unique_condition: retinal pathologies|visual and color vision pathologies,unique_condition: rel path|visual and color vision pathologies,0.5,0.5,0.0,0.0,0.0,0.0,0.0,0.0,0.0,0.0,0.0,0.0,0.0,0.0,0.0,0.0
13,NCT04937452,"unique_condition: behavioral ftd|behavioural frontotemporal dementia|frontotemporal dementia, 
unique_drug: dopaminergic therapy|rotigotine, 
unique_control: placebo","unique_condition: behavioral ftd|behavioural frontotemporal dementia|frontotemporal dementia|newly diagnosed, 
unique_drug: dopaminergic therapy|rotigotine, 
unique_control: placebo",0.8571428571428571,0.8571428571428571,0.0,0.0,1.0,1.0,0.0,0.0,0.0,0.0,0.0,0.0,0.0,0.0,1.0,1.0
14,NCT03317067,"unique_condition: delirium, 
unique_drug: dexmedetomidine","unique_condition: agitated delirium|delirium|non-intubated ici|non-intubated icu, 
unique_drug: dexmedetomidine",0.4,0.6666666666666666,0.0,0.0,1.0,1.0,0.0,0.0,0.0,0.0,0.0,0.0,0.0,0.0,0.0,0.0
15,NCT02583386,"unique_condition: multiple sclerosis, 
unique_physical: exercise, 
unique_behavioural: educational classroom program, 
unique_other: comprehensive fall prevention","unique_condition: fall|falls|multiple sclerosis, 
unique_physical: exercise and educational classroom program",0.5,0.5,0.0,0.0,0.0,0.0,0.0,0.0,0.0,0.0,0.0,0.0,0.0,0.0,0.0,0.0
16,NCT04856514,"unique_condition: neurofibromatosis type 1, 
unique_behavioural: telehealth|telehealth group","unique_condition: neurofibromatosis type 1|neurofibromatosis type 1 peers, 
unique_other: telehealth|telehealth group",0.6666666666666666,1.0,0.0,0.0,0.0,0.0,0.0,0.0,0.0,0.0,0.0,0.0,0.0,0.0,0.0,0.0
17,NCT04256382,unique_behavioural: educational program,"unique_condition: dementia pain, 
unique_behavioural: educational program",0.0,0.0,0.0,0.0,0.0,0.0,0.0,0.0,1.0,1.0,0.0,0.0,0.0,0.0,0.0,0.0
18,NCT01028209,unique_condition: alzheimer disease|multiple sclerosis|parkinson disease,unique_condition: alzheimer disease|multiple sclerosis|parkinson disease,1.0,1.0,0.0,0.0,0.0,0.0,0.0,0.0,0.0,0.0,0.0,0.0,0.0,0.0,0.0,0.0
19,NCT00029146,"unique_condition: ipsilateral stroke|symptomatic carotid occlusion, 
unique_surgical: carotid occlusion surgery|extracranial-intracranial bypass surgery","unique_condition: carotid occlusion surgery|ipsila|recently symptomatic carotid occlusion|stroke, 
unique_control: best medical therapy, 
unique_surgical: extracranial-intracranial bypass surgery",0.0,0.6666666666666666,0.0,0.0,0.0,0.0,0.0,0.0,0.0,0.0,0.6666666666666666,0.6666666666666666,0.0,0.0,0.0,0.0
20,NCT04088630,"unique_condition: cerebral edema|intracerebral hemorrhage|primary spontaneous intracerebral hemorrhage, 
unique_drug: fingolimod","unique_condition: cerebral edema|intracerebral hemorrhage|primary spontaneous intracerebral hemorrhage, 
unique_drug: fingolimod",1.0,1.0,0.0,0.0,1.0,1.0,0.0,0.0,0.0,0.0,0.0,0.0,0.0,0.0,0.0,0.0
21,NCT03747848,"unique_condition: fatigue|parkinson's disease|pd, 
unique_physical: physical exercise, 
unique_behavioural: cognitive behavioral therapy, 
unique_other: proper sleep hygiene","unique_condition: fatigue|parkinson's disease|pd|pd fatigue, 
unique_behavioural: cognitive behavioral therapy",0.8571428571428571,1.0,0.0,0.0,0.0,0.0,0.0,0.0,1.0,1.0,0.0,0.0,0.0,0.0,0.0,0.0
22,NCT00437372,"unique_condition: cancer|tumor, 
unique_drug: sunitinib, 
unique_radiotherapy: radiation","unique_condition: cancer|tumor, 
unique_drug: antiangiogenic agents|sunitinib, 
unique_radiotherapy: radiation",1.0,1.0,0.0,0.0,0.6666666666666666,0.6666666666666666,0.0,0.0,0.0,0.0,0.0,0.0,1.0,1.0,0.0,0.0
23,NCT05663034,"unique_condition: depressive|insomnia|mild to moderate tbi|post-traumatic stress|post-traumatic stress symptoms|tbi-related insomnia, 
unique_behavioural: cbt|cognitive behavioral therapy|cognitive-behavioral vs. mindfulness-based treatment|mindfulness-based treatment|mindfulness-based treatment for insomnia","unique_condition: depressive symptoms|insomnia|insomniasomnia|mild to moderate tbi|post-traumatic stress|post-traumatic stress soms|post-traumatic stress symptoms|tbi, 
unique_behavioural: cbt-i|cognitive-behavioral|mindfulness-based treatment|mindfulness-based treatment insomnia|mindfulness-based treatment for insomnia|standardized cognitive behavioral therapy, 
unique_other: telemedicine -",0.5714285714285714,0.8888888888888888,0.0,0.0,0.0,0.0,0.0,0.0,0.36363636363636365,1.0,0.0,0.0,0.0,0.0,0.0,0.0
24,NCT03213002,"unique_condition: glioblastoma|glioblastoma multiforme, 
unique_drug: capecitabine|capecitabine and temozolomide|temozolomide, 
unique_radiotherapy: radiation","unique_condition: cancer|glioblastoma multiforme|newly diagnosed glioblastoma|newly diagnosed glioblastoma multiforme (|radiation, 
unique_drug: ca|capecitabine|temozolomide",0.2857142857142857,0.8,0.0,0.0,0.6666666666666666,0.6666666666666666,0.0,0.0,0.0,0.0,0.0,0.0,0.0,0.0,0.0,0.0
25,NCT02125760,"unique_condition: stroke, 
unique_physical: dual training|respiratory muscle training","unique_condition: muscle dysfunction|respiratory muscle dysfunction|stroke, 
unique_physical: dual training|respiratory muscle training",0.5,0.5,0.0,0.0,0.0,0.0,1.0,1.0,0.0,0.0,0.0,0.0,0.0,0.0,0.0,0.0
26,NCT03787693,"unique_condition: asymmetries during walking|stroke|walking asymmetry, 
unique_physical: walking training, 
unique_other: virtual reality|virtual reality augmented gait adaptation","unique_condition: as|asym|asymmetries|stroke|walking asymmetry, 
unique_other: virtual reality",0.5,0.5,0.6666666666666666,0.6666666666666666,0.0,0.0,0.0,0.0,0.0,0.0,0.0,0.0,0.0,0.0,0.0,0.0
27,NCT00295139,"unique_condition: drug abuse|spmi, 
unique_control: supportive control treatment, 
unique_behavioural: behavioral treatment|case management component|critical time intervention|cti|multifaceted treatment for substance abuse","unique_condition: drug abuse|drug use|dual disordered|spmi|substance abuse, 
unique_control: supportive control treatment, 
unique_behavioural: behavioral treatment|case management component|critical time intervention|cti|multifaceted treatment for",0.5714285714285714,0.75,0.0,0.0,0.0,0.0,0.0,0.0,0.8,1.0,0.0,0.0,0.0,0.0,1.0,1.0
28,NCT01831414,"unique_condition: respiratory failure|spinal cord injury, 
unique_physical: balneotherapy|water immersion","unique_condition: paralysis|respiratory failure|spinal cord injury, 
unique_other: water immersion|water immersion levels",0.8,0.8,0.0,0.0,0.0,0.0,0.0,0.0,0.0,0.0,0.0,0.0,0.0,0.0,0.0,0.0
29,NCT05850585,"unique_condition: psychotic|schizophrenia, 
unique_drug: antipsychotic|antipsychotics, 
unique_control: placebo, 
unique_other: fmt|oral fecal bacteria capsules|oral fecal capsules","unique_condition: psychotic|schizophrenia|schizophrenia fecal capsule, 
unique_drug: anticho fecal bacteria capsules|antipsychotic|antipsychotic drugs|antipsychotics|antitic|fmt, 
unique_control: placebo",0.8,1.0,0.0,0.0,0.5,0.8,0.0,0.0,0.0,0.0,0.0,0.0,0.0,0.0,1.0,1.0
30,NCT02551705,unique_condition: emotion comprehension deficit|huntington's disease|prehd|premanifest huntington's disease,unique_condition: huntington's disease|huntington's disease|prehd|premanifest huntington's disease,0.8571428571428571,0.8571428571428571,0.0,0.0,0.0,0.0,0.0,0.0,0.0,0.0,0.0,0.0,0.0,0.0,0.0,0.0
31,NCT04654286,"unique_condition: brachial plexus injury|upper tbpi, 
unique_surgical: human amniotic membrane and allogeneic adipose-derived mesenchymal stem cells|human amniotic membrane and allogeneic mesenchymal stem cells composite augmentation|nerve transfer","unique_condition: brachial plexus injury|upper tbpi, 
unique_surgical: ham-admsc|human amniotic membrane and allogeneic adipose-derived mesenchymal stem cells|human amniotic membrane and allogeneic mesenchymal stem cells composite augmentation|nerve transfer, 
unique_other: au|composite wrapping",1.0,1.0,0.0,0.0,0.0,0.0,0.0,0.0,0.0,0.0,0.8571428571428571,0.8571428571428571,0.0,0.0,0.0,0.0
32,NCT00716066,"unique_condition: autoimmune neurologic disease|autoimmune neurologic diseases|autoimmune neurological diseases, 
unique_drug: antithymocyte globulin|beam|carmustine|chemotherapy|cytarabine|etoposide|melphalan|thymoglobulin, 
unique_surgical: (autologous) stem cells|stem cell transplant|syngeneic or autologous hematopoietic cell transplantation","unique_condition: autoimmune neurologic disease|autoimmune neurologic diseases|autoimmune neurological diseasesem, 
unique_drug: antithymocyte globulin|beam|carmustine|cytarabine|etoposide|melphalan|thymoglobulin, 
unique_surgical: stem cell transplant|stem cell transplant (autologous) stem cells|syngeneic or autologous hematopoietic cell transplantation",0.6666666666666666,1.0,0.0,0.0,0.9333333333333333,0.9333333333333333,0.0,0.0,0.0,0.0,0.6666666666666666,1.0,0.0,0.0,0.0,0.0
33,NCT02354508,"unique_condition: acromegaly inadequately controlled|inadequately controlled acromegaly, 
unique_drug: pasireotide|somatostatin analogues","unique_condition: acromegaly somatostatin analogue|inadequately controlled acromegaly, 
unique_drug: pasireotide|pasireotide lar|somatostatin analogue",0.5,0.8,0.0,0.0,0.4,1.0,0.0,0.0,0.0,0.0,0.0,0.0,0.0,0.0,0.0,0.0
34,NCT02885285,"unique_condition: anxiety|depression|fatigue|parkinson's disease, 
unique_physical: exercise","unique_condition: anxiety|depression|fatigue|parkinson's disease, 
unique_physical: di|exercise|exercise type",1.0,1.0,0.0,0.0,0.0,0.0,0.5,0.8,0.0,0.0,0.0,0.0,0.0,0.0,0.0,0.0
35,NCT05507385,"unique_condition: anhedonia|depression, 
unique_behavioural: brief talking therapy","unique_condition: anhedonia|depression|low mood, 
unique_behavioural: brief intervention|talking therapy, 
unique_other: brief",0.8,0.8,0.0,0.0,0.0,0.0,0.0,0.0,0.0,0.8,0.0,0.0,0.0,0.0,0.0,0.0
36,NCT04097418,"unique_condition: depression|fatigue|multiple sclerosis, 
unique_control: conventional motor training, 
unique_physical: aerobic training","unique_condition: depression|fatigue|multiple sclerosis, 
unique_control: conventional motor training, 
unique_physical: aerobic training",1.0,1.0,0.0,0.0,0.0,0.0,1.0,1.0,0.0,0.0,0.0,0.0,0.0,0.0,1.0,1.0
37,NCT03542474,"unique_condition: mild cognitive impairment|parkinson's disease, 
unique_physical: endurance exercise|exercise|high intensity endurance exercise","unique_condition: mild cognitive impairment|parkinson's disease, 
unique_physical: endurance exercise|high intensity endurance exercise",1.0,1.0,0.0,0.0,0.0,0.0,0.8,1.0,0.0,0.0,0.0,0.0,0.0,0.0,0.0,0.0
38,NCT05415956,"unique_condition: multiple sclerosis, 
unique_physical: moderate-to-high intensity outdoor walking|outdoor walking|walking exercise","unique_condition: det capacity|multiple sclerosis|outwalk ms, 
unique_physical: moderate-to-high intensity|outdoor walking|outdoor walking exercise therapy|walking exercise therapy",0.5,0.5,0.0,0.0,0.0,0.0,0.2857142857142857,1.0,0.0,0.0,0.0,0.0,0.0,0.0,0.0,0.0
39,NCT02016638,unique_condition: osa|pregnancy|pregnant|sdb,unique_condition: hypertensive disorders|osa|sdb|sleep disorders,0.5,0.5,0.0,0.0,0.0,0.0,0.0,0.0,0.0,0.0,0.0,0.0,0.0,0.0,0.0,0.0
40,NCT04435301,"unique_condition: disorders of consciousness, 
unique_other: acoustic and electric stimulation at gamma frequency|acoustic-electric therapy|modulation of gamma oscillations with rhythmic stimulation","unique_condition: disorders of consciousness, 
unique_other: acoustic-electric therapy|acoustic and electric stimulation|rhythmic stimulation",1.0,1.0,0.3333333333333333,0.75,0.0,0.0,0.0,0.0,0.0,0.0,0.0,0.0,0.0,0.0,0.0,0.0
41,NCT03562351,"unique_condition: emergent seizure|seizure, 
unique_behavioural: caregiver education in a simulation setting|educational program|educational quality improvement program|educational video reviewing rm administration|simulation training model/mannequin for rectal diazepam administration","unique_condition: emergent seizure rm|seizure|seizure rm|seizure rms, 
unique_drug: diazep|lorazepa|midola, 
unique_other: simulation training model",0.3333333333333333,1.0,0.0,0.0,0.0,0.0,0.0,0.0,0.0,0.0,0.0,0.0,0.0,0.0,0.0,0.0
42,NCT02730065,"unique_condition: cerebral small vessel disease|small vessel disease, 
unique_control: health education|simple stretching, 
unique_physical: aerobic dance training|aerobic dance training with home practice","unique_condition: cerebral small vessel disease|dementia|depression|small vessel disease|stroke, 
unique_control: health education control|simple stretching, 
unique_physical: aerobic dance training|aerobic dance training practice|physical exercise",0.5714285714285714,0.5714285714285714,0.0,0.0,0.0,0.0,0.4,0.8571428571428571,0.0,0.0,0.0,0.0,0.0,0.0,0.5,1.0
43,NCT02820441,"unique_condition: central sleep apnea|left ventricular dysfunction, 
unique_drug: zopiclone, 
unique_control: placebo, 
unique_other: adaptative servoventilation","unique_condition: central sleep apnea|csa) syndrome|left ventricular dysfunction, 
unique_drug: hypnotic|zopiclone, 
unique_control: placebo, 
unique_other: adaptative servoventilation",0.8,0.8,1.0,1.0,0.6666666666666666,0.6666666666666666,0.0,0.0,0.0,0.0,0.0,0.0,0.0,0.0,1.0,1.0
44,NCT01255046,"unique_condition: alzheimer's disease|mild to moderate alzheimer's disease, 
unique_drug: donepezil|sta-1, 
unique_control: placebo","unique_condition: alzheimer's disease|mild to moderate alzheimer's disease, 
unique_drug: donepezil|sta-1, 
unique_control: placebo",1.0,1.0,0.0,0.0,1.0,1.0,0.0,0.0,0.0,0.0,0.0,0.0,0.0,0.0,1.0,1.0
45,NCT04164810,"unique_condition: chronic pain|neuropathic pain|pain|pain catastrophization|pcs|spinal cord injury, 
unique_control: physical therapy|standard physical therapy, 
unique_physical: hydrotherapy","unique_condition: catastrophi|chronic lumbar pain|chronic pain|fibromyalgia|neuropathic pain|np pain|pain|pain catastrophization|spinal cord injury, 
unique_control: physical therapy|standard physical therapy, 
unique_other: hydrotherapy",0.6666666666666666,0.8888888888888888,0.0,0.0,0.0,0.0,0.0,0.0,0.0,0.0,0.0,0.0,0.0,0.0,1.0,1.0
46,NCT00821691,"unique_condition: aphasic|chronic post stroke|post stroke, 
unique_drug: amantadine, 
unique_control: placebo","unique_condition: chronic post stroke aphasic|post stroke aphasic, 
unique_drug: amantadine|dopa-agonist, 
unique_control: placebo",0.0,0.8888888888888888,0.0,0.0,0.6666666666666666,0.6666666666666666,0.0,0.0,0.0,0.0,0.0,0.0,0.0,0.0,1.0,1.0
47,NCT05337982,"unique_condition: spinal cord injury|subacute sci, 
unique_control: standard rehabilitation, 
unique_physical: downhill training with muscle stimulation|eccentric motor training|rehabilitation therapy|rehabilitation treatment|training program|walking downhill, 
unique_other: neuromodulation","unique_condition: sci therapy|spinal cord injury|subacute sci, 
unique_control: standard of care|standard rehabilitation|standard rehabilitation alone, 
unique_physical: downhill training with muscle stimulation|eccentric motor training, 
unique_other: neuromodulation",0.8,0.8,1.0,1.0,0.0,0.0,0.5,0.5,0.0,0.0,0.0,0.0,0.0,0.0,0.5,0.8
48,NCT04073667,"unique_condition: chiari type 1 malformation|type 1 cm, 
unique_control: not be intervened, 
unique_physical: exercise","unique_condition: chiari type 1 malformation|fallia|pain|type 1 cm, 
unique_physical: exercise program|exercise programoper|exercise programs|exercised",0.6666666666666666,0.6666666666666666,0.0,0.0,0.0,0.0,0.0,0.8888888888888888,0.0,0.0,0.0,0.0,0.0,0.0,0.0,0.0
49,NCT01182441,"unique_condition: atrial fibrillation|non-valvular atrial fibrillation|thrombus, 
unique_drug: warfarin, 
unique_surgical: watchman laa closure device|watchman laa closure technology","unique_condition: atrial fibrillation|non-valvular atrial fibrillation|th, 
unique_drug: warn, 
unique_other: watchman laa closure device|watchman laa closure technology|watchman laa closure technologyf",0.6666666666666666,0.6666666666666666,0.0,0.0,0.0,1.0,0.0,0.0,0.0,0.0,0.0,0.0,0.0,0.0,0.0,0.0
50,NCT04854057,"unique_condition: cervical spinal cord injury|chronic incomplete spinal cord injury, 
unique_other: acute intermittent hypoxia|intermittent hypoxia|mild breathing bouts of low oxygen|transcutaneous electrical spinal cord stimulation","unique_condition: cervical spinal cord injury|chronic incomplete spinal cord injury, 
unique_other: acute intermittent hypoxia|intermittent hypoxia|mild breathing bouts of low oxygen|transcutaneous electrical spinal cord stimulation",1.0,1.0,1.0,1.0,0.0,0.0,0.0,0.0,0.0,0.0,0.0,0.0,0.0,0.0,0.0,0.0
51,NCT02444065,"unique_condition: bulimia nervosa|eating disorders|purging disorder, 
unique_control: matched-intensity augmentative motivational interviewing|motivational interviewing, 
unique_behavioural: cbt-based individual intervention for rapid response|cbt-rr|rapid response|rapid response to day hospital treatment|rapid response to treatment -cessation","unique_condition: binge eating or vomiting episodes|binge eating vomiting|bulimia nervosa|depression|eating disorders|purging disorder, 
unique_control: augmentative motivational interviewing|dh as|mi intervention|motivational interviewing, 
unique_behavioural: cbt-based individual intervention for rapid response|cbt-rr|cbt-rr day hospital dh",0.6666666666666666,0.6666666666666666,0.0,0.0,0.0,0.0,0.0,0.0,0.5,0.5,0.0,0.0,0.0,0.0,0.3333333333333333,0.75
52,NCT01671176,unique_other: oticon medical ponto 4.5mm wide implant|ponto 4.5mm wide diameter implant,unique_other: oticon medical ponto 4 . 5mm wide implant|ponto 4 . 5mm wide diameter implant,0.0,0.0,0.0,1.0,0.0,0.0,0.0,0.0,0.0,0.0,0.0,0.0,0.0,0.0,0.0,0.0
53,NCT05622396,"unique_condition: parkinson's disease, 
unique_behavioural: mindfulness based stress reduction|mindfulness meditation","unique_condition: parkinson's disease, 
unique_behavioural: co-constructed program|mindfulness based stress reduction|mindfulness meditation",1.0,1.0,0.0,0.0,0.0,0.0,0.0,0.0,0.8,0.8,0.0,0.0,0.0,0.0,0.0,0.0
54,NCT04331392,"unique_condition: moderate-severe traumatic brain injury|traumatic brain injury, 
unique_other: environmental enrichment|online spatial navigation","unique_condition: moderate-severe traumatic brain injury|traumatic brain injury, 
unique_other: online spatial navigation intervention|remotely delivered environmental enrichment intervention",1.0,1.0,0.0,1.0,0.0,0.0,0.0,0.0,0.0,0.0,0.0,0.0,0.0,0.0,0.0,0.0
55,NCT05387798,"unique_condition: prader-willi syndrome, 
unique_drug: cannabidiol|rad011","unique_condition: prader-willi syndrome|prader-willi syndrome, 
unique_drug: cannabidiol|rad011, 
unique_control: placebo",1.0,1.0,0.0,0.0,1.0,1.0,0.0,0.0,0.0,0.0,0.0,0.0,0.0,0.0,0.0,0.0
56,NCT04894513,"unique_condition: bell's palsy, 
unique_physical: kabat motor control re-education|kabat motor control re-education therapy","unique_condition: bell's palsy, 
unique_physical: kabat motor control re-education|kabat motor control re-education therapy",1.0,1.0,0.0,0.0,0.0,0.0,1.0,1.0,0.0,0.0,0.0,0.0,0.0,0.0,0.0,0.0
57,NCT00444067,"unique_condition: spinal surgery, 
unique_control: standard of care, 
unique_surgical: spinal sealant|spinal sealant system|sutured dural repair","unique_condition: spinal surgery, 
unique_control: standard of care method|standard of care techniques, 
unique_surgical: sutured dural repair, 
unique_other: spinal sealant|spinal sealant system",1.0,1.0,0.0,0.0,0.0,0.0,0.0,0.0,0.0,0.0,0.5,0.5,0.0,0.0,0.0,1.0
58,NCT01824472,"unique_condition: insomnia|obstructive sleep apnea|sleep apnea, 
unique_control: sham-cpap, 
unique_behavioural: cognitive-behavioral therapy, 
unique_other: continuous positive airway pressure|cpap","unique_condition: insomnia|obstructive sleep apnea|sleep apnea, 
unique_control: sham-cpap, 
unique_behavioural: cognitive-behavioral therapy, 
unique_other: continuous positive airway pressure|cpap",1.0,1.0,1.0,1.0,0.0,0.0,0.0,0.0,1.0,1.0,0.0,0.0,0.0,0.0,1.0,1.0
59,NCT01040429,"unique_condition: chronic fatigue syndrome, 
unique_drug: clonidine","unique_condition: chronic fatigue syndrome, 
unique_drug: clonidine",1.0,1.0,0.0,0.0,1.0,1.0,0.0,0.0,0.0,0.0,0.0,0.0,0.0,0.0,0.0,0.0
60,NCT05164211,"unique_condition: obstructive sleep apnea-hypopnea syndrome|obstructive sleep apnoea syndrome|tonsillar hypertrophy, 
unique_other: didgeridoo|didgeridoo treatment","unique_condition: adenoidectomy|increased p co|obstructive sleep apnea-hypopnea syndrome|obstructive sleep apnoea syndrome|obstructive sleep apnoea syndrome surgery|pharyngeal hypotonia|tonsillar hypertrophy, 
unique_drug: didgeridoo, 
unique_other: didgeridoo",0.6,0.7272727272727273,0.6666666666666666,1.0,0.0,0.0,0.0,0.0,0.0,0.0,0.0,0.0,0.0,0.0,0.0,0.0
61,NCT04232163,"unique_condition: stroke, 
unique_physical: exercise, 
unique_other: feedback from a wearable device","unique_condition: stroke, 
unique_physical: exercise feedback from a wearable device",1.0,1.0,0.0,0.0,0.0,0.0,0.0,0.0,0.0,0.0,0.0,0.0,0.0,0.0,0.0,0.0
62,NCT00359944,"unique_condition: mild to moderate alzheimer's disease, 
unique_drug: ac-3933, 
unique_control: placebo","unique_condition: mild to moderate alzheimer's disease, 
unique_drug: ac-3933, 
unique_control: placebo",1.0,1.0,0.0,0.0,1.0,1.0,0.0,0.0,0.0,0.0,0.0,0.0,0.0,0.0,1.0,1.0
63,NCT02976766,"unique_condition: acute optic neuritis|optic neuritis, 
unique_drug: gypenosides, 
unique_control: placebo","unique_condition: acute optic neuritis|optic neuritis, 
unique_drug: gypenosides, 
unique_control: place",1.0,1.0,0.0,0.0,1.0,1.0,0.0,0.0,0.0,0.0,0.0,0.0,0.0,0.0,0.0,1.0
64,NCT02470546,"unique_condition: liver cirrhosis|minimal hepatic encephalopathy, 
unique_drug: metformin","unique_condition: liver cirrhosis|minimal hepatic encephalopathy, 
unique_drug: metformin",1.0,1.0,0.0,0.0,1.0,1.0,0.0,0.0,0.0,0.0,0.0,0.0,0.0,0.0,0.0,0.0
65,NCT01407341,"unique_condition: metastatic cancer|metastatic spine cancer|spine cancer, 
unique_drug: beta-tricalcium phosphate, 
unique_surgical: bone graft","unique_condition: metastatic cancer|metastatic spine cancer|surgery for|surgery for spine cancer, 
unique_surgical: beta-tricalcium phosphate bone graft|bone graft",0.5714285714285714,0.8888888888888888,0.0,0.0,0.0,0.0,0.0,0.0,0.0,0.0,0.6666666666666666,0.6666666666666666,0.0,0.0,0.0,0.0
66,NCT01093664,"unique_condition: alzheimer, 
unique_drug: affitope ad02","unique_condition: alzheimer, 
unique_drug: affitope ad02",1.0,1.0,0.0,0.0,1.0,1.0,0.0,0.0,0.0,0.0,0.0,0.0,0.0,0.0,0.0,0.0
67,NCT04717323,"unique_condition: cerebral palsy, 
unique_physical: precision gait retraining, 
unique_other: mobile pelvic assist device|sensor-based mobile pelvic assist device","unique_condition: cerebral palsy, 
unique_physical: pre gait retraining, 
unique_other: mobile pelvic assist device|sensor based mobile pelvic assist device",1.0,1.0,0.5,1.0,0.0,0.0,0.0,1.0,0.0,0.0,0.0,0.0,0.0,0.0,0.0,0.0
68,NCT00692575,unique_behavioural: modular scheduled telephone intervention|problem-based telephone counseling,"unique_condition: moderate to severe traumatic brain injury|traumatic brain injury, 
unique_other: modular scheduled telephone intervention|problem-based telephone counseling",0.0,0.0,0.0,0.0,0.0,0.0,0.0,0.0,0.0,0.0,0.0,0.0,0.0,0.0,0.0,0.0
69,NCT05423171,"unique_condition: cerebral palsy, 
unique_physical: intensive bimanual intervention|intensive bimanual therapy","unique_condition: cerebral palsy|motor disorders, 
unique_physical: intensive bimanual intervention|intensive bimanual therapy",0.6666666666666666,0.6666666666666666,0.0,0.0,0.0,0.0,1.0,1.0,0.0,0.0,0.0,0.0,0.0,0.0,0.0,0.0
70,NCT04622904,"unique_condition: elective gynecological surgery|postoperative pain, 
unique_drug: ketamine|lidocaine|magnesium","unique_condition: elective gynecological surgery|postoperative pain, 
unique_drug: ketamine|lidocaine|magnesium",1.0,1.0,0.0,0.0,1.0,1.0,0.0,0.0,0.0,0.0,0.0,0.0,0.0,0.0,0.0,0.0
71,NCT05371041,"unique_condition: tic|tics|tourette syndrome, 
unique_other: deep brain stimulation|implantable neurostimulator|medtronic percept pc|subcortical closed-loop system",unique_condition: tic|tics|tourette syndrome stimulation,0.6666666666666666,1.0,0.0,0.0,0.0,0.0,0.0,0.0,0.0,0.0,0.0,0.0,0.0,0.0,0.0,0.0
72,NCT03518541,"unique_condition: cerebral palsy, 
unique_surgical: femoral derotation osteotomies|femoral derotation osteotomy, 
unique_other: electromagnetic tracking|electromagnetic tracking system","unique_condition: cerebral palsy, 
unique_surgical: femoral derotation osteotomy|transversal plane femoral derotation osteotomies tracking, 
unique_other: electromagnetic tracking tracking",1.0,1.0,0.0,1.0,0.0,0.0,0.0,0.0,0.0,0.0,0.5,1.0,0.0,0.0,0.0,0.0
73,NCT02690896,"unique_condition: depression, 
unique_behavioural: support group intervention","unique_condition: cognitive impairment|dementia|depression, 
unique_behavioural: support group intervention",0.5,0.5,0.0,0.0,0.0,0.0,0.0,0.0,1.0,1.0,0.0,0.0,0.0,0.0,0.0,0.0
74,NCT03712748,"unique_condition: anxiety|eating disorders, 
unique_other: imaginal exposure sessions|imaginal exposure therapy|online format of ie","unique_condition: anxiety|eating disorders, 
unique_behavioural: ie, 
unique_other: imaginal exposure|imaginal exposure therapy|online format of",1.0,1.0,0.3333333333333333,1.0,0.0,0.0,0.0,0.0,0.0,0.0,0.0,0.0,0.0,0.0,0.0,0.0
75,NCT05008302,unique_condition: stroke,unique_condition: stroke,1.0,1.0,0.0,0.0,0.0,0.0,0.0,0.0,0.0,0.0,0.0,0.0,0.0,0.0,0.0,0.0
76,NCT00283738,"unique_condition: aura|refractory migraine|refractory migraine headache with aura, 
unique_control: placebo, 
unique_surgical: biostar septal repair implant|patent foramen ovale closure|pfo closure","unique_condition: au|refractory migraine|refractory migraine headache, 
unique_control: placebo, 
unique_surgical: biostar septal repair implant|biostar septal repair implant system|patent foramen ovale closure|pfo closure",0.3333333333333333,1.0,0.0,0.0,0.0,0.0,0.0,0.0,0.0,0.0,0.8571428571428571,1.0,0.0,0.0,1.0,1.0
77,NCT05285852,"unique_condition: headache|migraine|pain, 
unique_other: dry needling|triggering points dry needling on sternocleidomastoid muscle","unique_condition: disability|headache|migraine|pain, 
unique_other: dry needling|triggering points dry needling",0.8571428571428571,0.8571428571428571,0.5,1.0,0.0,0.0,0.0,0.0,0.0,0.0,0.0,0.0,0.0,0.0,0.0,0.0
78,NCT01292577,"unique_condition: cannabis misuse|misuse cannabis|schizophrenia, 
unique_control: tau alone|treatment as usual, 
unique_behavioural: adapted cognitive/affective remediation|affect regulation|cet|cognitive enhancement therapy|cognitive remediation|personal therapy|pt","unique_condition: cannabis|schizophrenia, 
unique_control: tau alone|treatment as usual, 
unique_behavioural: affect regulation|cet|cet pt|cognitive/affective remediation|cognitive enhancement therapy|cognitive remediation|personal therapy|pt",0.4,1.0,0.0,0.0,0.0,0.0,0.0,0.0,0.8,1.0,0.0,0.0,0.0,0.0,1.0,1.0
79,NCT00572390,"unique_condition: hypopituitary, 
unique_drug: oestrogen","unique_condition: hypopituitary, 
unique_drug: estrogen|oest|oestrogen",1.0,1.0,0.0,0.0,0.5,1.0,0.0,0.0,0.0,0.0,0.0,0.0,0.0,0.0,0.0,0.0
80,NCT05291455,"unique_condition: status epilepticus, 
unique_drug: lacosamide","unique_condition: neonatal status epilepticus, 
unique_drug: lacosamide",0.0,1.0,0.0,0.0,1.0,1.0,0.0,0.0,0.0,0.0,0.0,0.0,0.0,0.0,0.0,0.0
81,NCT04732065,"unique_condition: brain tumor|cancer|diffuse midline glioma|diffuse midline gliomas|newly diagnosed or recurrent diffuse midline glioma|newly diagnosed or recurrent diffuse midline gliomas|recurrent primary malignant central nervous system (cns) tumors|recurrent primary malignant cns tumors|tumor, 
unique_drug: onc206, 
unique_radiotherapy: radiation therapy","unique_condition: brain tumor|cancer|diffuse midline glioma|diffuse midline gliomas|newly diagnosed or recurrent diffuse midline glioma|newly diagnosed or recurrent diffuse midline gliomas|recurrent primary malignant central nervous system (cns) tumors|recurrent primary malignant cns tumors|tumor, 
unique_drug: onc206, 
unique_radiotherapy: radiation therapy",1.0,1.0,0.0,0.0,1.0,1.0,0.0,0.0,0.0,0.0,0.0,0.0,1.0,1.0,0.0,0.0
82,NCT04156607,"unique_condition: down syndrome, 
unique_control: sham taping, 
unique_other: kinesio tape|kinesiotaping|taping","unique_condition: down syndrome, 
unique_control: sham taping application, 
unique_other: kinesio tape|kinesiotaping",1.0,1.0,0.8,1.0,0.0,0.0,0.0,0.0,0.0,0.0,0.0,0.0,0.0,0.0,0.0,1.0
83,NCT05706831,"unique_condition: neurological diseases, 
unique_control: placebo, 
unique_other: electric (tdcs) and music stimulation|music exposure|music intervention|music-listening|non-invasive brain stimulation|transcranial electrical stimulation","unique_condition: doc, 
unique_control: placebo, 
unique_other: electric|music-listening intervention|music intervention|music stimulation|musical intervention|non-invasive brain stimulationuro|tdcs|transcranial electrical stimulation",0.0,0.0,0.2857142857142857,0.8571428571428571,0.0,0.0,0.0,0.0,0.0,0.0,0.0,0.0,0.0,0.0,1.0,1.0
84,NCT03016949,unique_drug: fractional dose of inactivated poliovaccine|inactivated polio vaccine|inactivated polio vaccines|inactivated poliovaccine,unique_drug: inactivated polio vaccine|inactivated polio vaccines|inactivated poliovaccine,0.0,0.0,0.0,0.0,0.8571428571428571,1.0,0.0,0.0,0.0,0.0,0.0,0.0,0.0,0.0,0.0,0.0
85,NCT02631850,"unique_condition: chronic stroke|chronic upper extremity hemiparesis|stroke, 
unique_control: traditional clinic-based ci therapy, 
unique_physical: constraint induced movement therapy|gamified constraint-induced movement therapy|physical therapy|therapist-as-consultant virtual reality ci therapy, 
unique_other: modified gaming therapy|occupational therapy|rehabilitation game|telerehabilitation|virtual-reality gaming","unique_condition: chronic stroke|chronic upper extremity hemiparesis|stroke, 
unique_control: in-person therapy|modified gaming therapy|physical therapy|standard occupational therapy ot|standard ot pt|traditional clinic-based ci therapy, 
unique_physical: constraint induced movement therapy|gamified constraint-induced movement therapy|rehabilitation game|video game rehabilitation, 
unique_other: telerehabilitation|therapist-as-consultant virtual reality ci therapy|virtual-reality gaming",1.0,1.0,0.5,0.6666666666666666,0.0,0.0,0.5,0.5,0.0,0.0,0.0,0.0,0.0,0.0,0.2857142857142857,0.2857142857142857
86,NCT00527579,unique_condition: neurocysticercosis,unique_condition: neurocysticercosisdia,0.0,1.0,0.0,0.0,0.0,0.0,0.0,0.0,0.0,0.0,0.0,0.0,0.0,0.0,0.0,0.0
87,NCT05483556,"unique_condition: aphasia|aphasic, 
unique_other: combined language therapy|combined speech therapy|conventional speech therapy|tdcs|transcranial direct current stimulation","unique_condition: aphasia|aphasic, 
unique_control: conventional speech therapy, 
unique_other: combined language therapy|combined speech therapy|tdcs|transcranial direct current stimulation",1.0,1.0,0.8888888888888888,1.0,0.0,0.0,0.0,0.0,0.0,0.0,0.0,0.0,0.0,0.0,0.0,0.0
88,NCT02473016,"unique_condition: classical trigeminal neuralgia, 
unique_drug: carbon dioxide, 
unique_control: placebo","unique_condition: classical trigeminal neuralgia, 
unique_drug: carbon dioxide, 
unique_control: place",1.0,1.0,0.0,0.0,1.0,1.0,0.0,0.0,0.0,0.0,0.0,0.0,0.0,0.0,0.0,1.0
89,NCT00936286,"unique_condition: mild to intermediate sleep apnea syndrome|obstructive sleep apnea syndrome, 
unique_physical: normocapnic hyperpnea|respiratory muscle training","unique_condition: mild to intermediate sleep apnea syndrome|obstructive sleep apnea syndrome, 
unique_physical: respiratory muscle training, 
unique_other: normocapnic hyperpnea",1.0,1.0,0.0,0.0,0.0,0.0,0.6666666666666666,0.6666666666666666,0.0,0.0,0.0,0.0,0.0,0.0,0.0,0.0
90,NCT03111472,"unique_condition: parkinson's disease, 
unique_behavioural: self-management guide","unique_condition: fall|parkinson's disease|parkinson's disease fall, 
unique_behavioural: self-management guide|self-management guide of falling",0.5,0.8,0.0,0.0,0.0,0.0,0.0,0.0,0.6666666666666666,1.0,0.0,0.0,0.0,0.0,0.0,0.0
91,NCT00073853,"unique_condition: acute, complete spinal cord injury|complete spinal cord injuries|spinal cord injury, 
unique_surgical: autologous incubated macrophages|procord","unique_condition: acute , complete spinal cord injury|complete spinal cord injuries|sci injury, 
unique_surgical: autologous incubated macrophages|macrophage|macrophages|procord",0.3333333333333333,1.0,0.0,0.0,0.0,0.0,0.0,0.0,0.0,0.0,0.6666666666666666,0.6666666666666666,0.0,0.0,0.0,0.0
92,NCT04122989,"unique_condition: multiple sclerosis, 
unique_other: ms-support|shared decision making tool|shared decision-making tool","unique_condition: multiple sclerosis, 
unique_other: ms-support|shared decision-making too|shared decision making tool",1.0,1.0,0.6666666666666666,1.0,0.0,0.0,0.0,0.0,0.0,0.0,0.0,0.0,0.0,0.0,0.0,0.0
93,NCT01046370,"unique_condition: chronic fatigue|chronic fatigue syndrome|fatigue|fibromyalgia|impaired memory|insomnia|muscle pain, 
unique_control: control|standard care, 
unique_behavioural: 2 day self-management program|amygdala retraining program|arp dvd program|arp program","unique_condition: cf and|cfs ,|chronic fatigue|chronic fatigue syndrome|fatigue|fibromyalgia, 
unique_control: c|control|standard care, 
unique_behavioural: amygdala retraining program|arp program|cognitive restructuring|mind-body practice|mindfulness based meditation|self-management program",0.6153846153846154,0.6153846153846154,0.0,0.0,0.0,0.0,0.0,0.0,0.4,0.7692307692307693,0.0,0.0,0.0,0.0,0.8,0.8
94,NCT04992910,"unique_condition: affected upper limbs|stroke, 
unique_control: standard care|usual care rehabilitation, 
unique_physical: intensive, repetitive and functional exercises|rehabilitative treatment, 
unique_other: fesia grasp|functional electrical stimulation","unique_condition: post-stroke|stroke, 
unique_control: standard care|usual care, 
unique_physical: fesia grasp|fesia grasp therapy|intensive , repetitive and functional exercises assisted by functional electrical stimulation, 
unique_other: fesia grasp|fesia grasp "" device|functional electrical stimulation|functional electrical stimulation device",0.5,0.8,0.6666666666666666,1.0,0.0,0.0,0.0,0.5714285714285714,0.0,0.0,0.0,0.0,0.0,0.0,0.5,0.8
95,NCT04291027,"unique_condition: idiopathic parkinson disease|parkinson disease, 
unique_physical: aquatic and land-based group exercise|land based or aquatic based group exercise|land based or aquatic based group exercise program","unique_condition: idiopathic parkinson disease|parkinson disease, 
unique_physical: aquatic and|land-based group exercise|land based or aquatic based group exercise",1.0,1.0,0.0,0.0,0.0,0.0,0.3333333333333333,0.8888888888888888,0.0,0.0,0.0,0.0,0.0,0.0,0.0,0.0
96,NCT01074073,"unique_condition: schizoaffective disorder|schizophrenia, 
unique_drug: lithium|lurasidone|lurasidone hcl","unique_condition: schizoaffective disorder|schizophrenia, 
unique_drug: lithium|lurasidone",1.0,1.0,0.0,0.0,0.8,1.0,0.0,0.0,0.0,0.0,0.0,0.0,0.0,0.0,0.0,0.0
97,NCT04474171,"unique_condition: spinal cord injury, 
unique_control: usual care, 
unique_behavioural: online self-management program|sci&u|trained peer health coaches","unique_condition: spinal cord injury, 
unique_control: usual care, 
unique_behavioural: online self-management program|peer health coaches|sci & u|self-management programs health information , skills and telephone-based support|trained",1.0,1.0,0.0,0.0,0.0,0.0,0.0,0.0,0.25,0.8333333333333334,0.0,0.0,0.0,0.0,1.0,1.0
98,NCT04404439,"unique_condition: anxiety|depression|stress|tinnitus, 
unique_other: migraine medications",unique_condition: anxiety|depression|migraine|stress|tinnitus,0.8888888888888888,0.8888888888888888,0.0,0.0,0.0,0.0,0.0,0.0,0.0,0.0,0.0,0.0,0.0,0.0,0.0,0.0
99,NCT00248222,"unique_condition: minor ischemic stroke, 
unique_physical: supervised aerobic exercise program",unique_condition: minor ischemic stroke,1.0,1.0,0.0,0.0,0.0,0.0,0.0,0.0,0.0,0.0,0.0,0.0,0.0,0.0,0.0,0.0
100,NCT03127514,"unique_condition: als, 
unique_drug: amx0035|phenylbutyrate|tauroursodeoxycholic acid, 
unique_control: placebo","unique_condition: als, 
unique_drug: amx0035|phenylbutyrate|tauroursodeoxycholic acid, 
unique_control: place",1.0,1.0,0.0,0.0,1.0,1.0,0.0,0.0,0.0,0.0,0.0,0.0,0.0,0.0,0.0,1.0
101,NCT01611987,"unique_condition: multiple sclerosis, 
unique_control: general guideline|general guidelines|program based on general guidelines for exercise, 
unique_physical: exercise|ms tailored exercise program|physical activity|targeted exercise","unique_condition: fatigue|multiple sclerosis, 
unique_control: general guideline|general guideline approach|general guideline program|general guidelines|general guidelines for exercise, 
unique_physical: exercise|ms tailored exercise program|mstep based on",0.6666666666666666,0.6666666666666666,0.0,0.0,0.0,0.0,0.5714285714285714,0.75,0.0,0.0,0.0,0.0,0.0,0.0,0.5,1.0
102,NCT04948736,"unique_condition: metabolic syndrome|sarcopenia|sarcopenic, 
unique_control: conventional medical care, 
unique_physical: multidisciplinary combined exercise, 
unique_other: combined exercise-nutrition intervention|nutrition intervention","unique_condition: metabolic syndrome|sarcopenia|sarcopenic, 
unique_control: conventional medical care, 
unique_physical: combined exercise-nutrition intervention|combined exercise and nutrition intervention|multi",1.0,1.0,0.0,0.0,0.0,0.0,0.0,0.0,0.0,0.0,0.0,0.0,0.0,0.0,1.0,1.0
103,NCT00164658,"unique_behavioural: prevention prompts tailored to familial risk|tools for health promotion and disease prevention, 
unique_other: familial risk assessment",unique_behavioural: familial risk assessment and prevention prompts tailored to familial risk,0.0,0.0,0.0,0.0,0.0,0.0,0.0,0.0,0.0,0.8,0.0,0.0,0.0,0.0,0.0,0.0
104,NCT03172663,unique_condition: hearing loss|increased body mass index|obesity,unique_condition: hearing loss|o,0.4,0.4,0.0,0.0,0.0,0.0,0.0,0.0,0.0,0.0,0.0,0.0,0.0,0.0,0.0,0.0
105,NCT04579783,"unique_condition: carpal tunnel syndrome|pain, 
unique_drug: corticosteroid|dextrose|platelet rich plasma|saline, 
unique_other: ultrasound guided intracarpal hydro-dissection","unique_condition: carpal tunnel syndrome|pain, 
unique_drug: corticosteroid|dextrose, 
unique_control: normal saline, 
unique_surgical: dextrose hydro-dissection|platelet rich plasma, 
unique_other: rep|ultra guided in hydro-dissection",1.0,1.0,0.0,0.8,0.6666666666666666,0.6666666666666666,0.0,0.0,0.0,0.0,0.0,0.0,0.0,0.0,0.0,0.0
106,NCT05741853,"unique_condition: primary progressive aphasia|progressive aphasia, 
unique_control: not receive intervention, 
unique_other: culturally and linguistically tailored speech-language interventions|tailored speech-language intervention","unique_condition: difficulties with and language|primary progressive aphasia|progressive aphasia, 
unique_other: culturally andally tailored speech-language interventions|speech-language treatment|tailored speech-language intervention",0.8,0.8,0.4,1.0,0.0,0.0,0.0,0.0,0.0,0.0,0.0,0.0,0.0,0.0,0.0,0.0
107,NCT04121780,"unique_condition: growth hormone deficiency, 
unique_drug: growth hormone, 
unique_control: placebo","unique_condition: growth hormone deficiency, 
unique_drug: growth hormone|growth hormone replacement therapy, 
unique_control: place",1.0,1.0,0.0,0.0,0.6666666666666666,0.6666666666666666,0.0,0.0,0.0,0.0,0.0,0.0,0.0,0.0,0.0,1.0
108,NCT04308577,"unique_condition: brain injury|severe brain injury, 
unique_other: diet induced ketosis|ketogenic diet|ketogenic diet therapy|ketosis|mct supplementation","unique_condition: brain injury|severe brain injury|tbi, 
unique_drug: mct, 
unique_other: diet in ketosis|ketogenic diet|ketosis",0.8,0.8,0.5,0.9090909090909091,0.0,0.0,0.0,0.0,0.0,0.0,0.0,0.0,0.0,0.0,0.0,0.0
109,NCT01259388,"unique_condition: progressive forms of multiple sclerosis|progressive multiple sclerosis, 
unique_drug: lithium|lithium carbonate","unique_condition: progressive forms of multiple sclerosis|progressive multiple sclerosis, 
unique_drug: lithium|lithium carbonate",1.0,1.0,0.0,0.0,1.0,1.0,0.0,0.0,0.0,0.0,0.0,0.0,0.0,0.0,0.0,0.0
110,NCT02866240,"unique_condition: focal seizure|medically-refractory focal neocortical epilepsy|medically-refractory neocortical epilepsy|refractory focal epilepsy|seizure|seizures, 
unique_other: cathodal tdcs|cathodal transcranial direct current stimulation|tdcs|transcranial direct current stimulation","unique_condition: focal seizureile|medically-refractory focal neocortical epilepsy|medically-refractory neocortical epilepsy|refractory focal epilepsy|seizure, 
unique_other: cathodal tdcs|cathodal transcranial direct current stimulation|tdcs|transcranial direct current stimulation",0.7272727272727273,1.0,1.0,1.0,0.0,0.0,0.0,0.0,0.0,0.0,0.0,0.0,0.0,0.0,0.0,0.0
111,NCT00381537,"unique_condition: epilepsy, 
unique_drug: carbamazepine|phenobarbitone","unique_condition: epilepsy, 
unique_drug: carbamazepine|phenobarbitone",1.0,1.0,0.0,0.0,1.0,1.0,0.0,0.0,0.0,0.0,0.0,0.0,0.0,0.0,0.0,0.0
112,NCT03529708,"unique_condition: metastatic epidural spinal cord compression|pain|spinal cord compression|spinal metastasis|tumour, 
unique_radiotherapy: 3d conformal palliative rt|3d conformal radiotherapy|3d crt|radiotherapy|stereotactic body radiotherapy","unique_condition: metastatic epidural spinal cord compression|pain|spinal cord compression|spinal metastasis|t, 
unique_control: radiotherapy|surgical decompression, 
unique_radiotherapy: 3d conformal palliative rt|3d conformal radiotherapy|3d crt|stereotactic body radiotherapy",0.8,0.8,0.0,0.0,0.0,0.0,0.0,0.0,0.0,0.0,0.0,0.0,0.8888888888888888,1.0,0.0,0.0
113,NCT03385174,unique_condition: headache,"unique_condition: carbon monoxideache, 
unique_drug: carbon monoxide",0.0,0.0,0.0,0.0,0.0,0.0,0.0,0.0,0.0,0.0,0.0,0.0,0.0,0.0,0.0,0.0
114,NCT04777500,"unique_condition: fibromyalgia|pain, 
unique_other: transcutaneous auricular vagus nerve stimulation|transcutaneous electrical nerve stimulation","unique_condition: fibromyalgia|fibromyalgia pain, 
unique_other: tens stimulation|transcutaneous auricular vagus nerve stimulation|transcutaneous electrical nerve stimulation",0.5,0.8,0.8,0.8,0.0,0.0,0.0,0.0,0.0,0.0,0.0,0.0,0.0,0.0,0.0,0.0
115,NCT02160249,"unique_condition: schizophrenia, 
unique_control: facility-based care alone, 
unique_other: community-based rehabilitation|facility-based care|rehabilitation intervention","unique_condition: disability|schizophrenia, 
unique_control: facility-based care alone, 
unique_physical: rehabilitation intervention, 
unique_behavioural: community-based rehabilitation|facility-based care",0.6666666666666666,0.6666666666666666,0.0,0.0,0.0,0.0,0.0,0.0,0.0,0.0,0.0,0.0,0.0,0.0,1.0,1.0
116,NCT00135993,"unique_condition: idiopathic restless legs syndrome|idiopathic restless legs syndrome.|restless legs syndrome, 
unique_drug: rotigotine|spm 936, 
unique_control: placebo","unique_condition: idiopathic restless legs syndrome|rlslessgsdrome, 
unique_drug: rotigotine|spm 936, 
unique_control: placebo",0.4,1.0,0.0,0.0,1.0,1.0,0.0,0.0,0.0,0.0,0.0,0.0,0.0,0.0,1.0,1.0
117,NCT04330482,"unique_condition: dementia, 
unique_other: care-well app|mobile application|mobile health (mhealth) app","unique_condition: dementia, 
unique_other: care-well app|mhealth) app|mobile application|mobile health (",1.0,1.0,0.5714285714285714,1.0,0.0,0.0,0.0,0.0,0.0,0.0,0.0,0.0,0.0,0.0,0.0,0.0
118,NCT01609348,"unique_condition: alzheimer's disease|depression|major depression, 
unique_drug: venlafaxine","unique_condition: alzheimer's disease|alzheimer's disease|depression|major depression, 
unique_drug: venlafaxine",1.0,1.0,0.0,0.0,1.0,1.0,0.0,0.0,0.0,0.0,0.0,0.0,0.0,0.0,0.0,0.0
119,NCT04185038,"unique_condition: diffuse intrinsic pontine glioma|diffuse midline glioma|infratentorial or metastatic/leptomeningeal tumors|recurrent or refractory cns tumors|recurrent or refractory pediatric central nervous system tumors|supratentorial tumors|tumor, 
unique_surgical: autologous cd4+ and cd8+ t cells lentivirally transduced to express a b7h3-specific chimeric antigen receptor (car) and egfrt|b7-h3 car t cell|b7-h3-specific car t cell|b7h3-specific car t cells|car t cell|car t cells|second-generation car t cell|t cells","unique_condition: diffuse intrinsic pontine glioma|diffuse midline glioma|infratentorial or metastatic/leptomeningeal tumors|recurrent or refractory cns tumors|recurrent or refractory pediatric central nervous system tumors|supratentorial tumors|tumor, 
unique_surgical: autologous cd4 + and cd8 + t cells lentivirally transduced to express a b7h3-specific chimeric antigen receptor car egfr|b7-h3-specific car t cell locoregional immunotherapy|car t cells|car t tumor|central nervous system (|cns) locoregional adoptive therapy|newly engineered t cells|t",1.0,1.0,0.0,0.0,0.0,0.0,0.0,0.0,0.0,0.0,0.125,0.75,0.0,0.0,0.0,0.0
120,NCT00373087,"unique_condition: parkinson's disease, 
unique_drug: entacapone","unique_condition: parkinson's disease, 
unique_drug: entacapone|entacaponeparkinsonia",1.0,1.0,0.0,0.0,0.6666666666666666,1.0,0.0,0.0,0.0,0.0,0.0,0.0,0.0,0.0,0.0,0.0
121,NCT04921592,"unique_condition: chronic cervical spinal cord injury, 
unique_physical: activity-based recovery training, 
unique_other: neuromodulation training|spinal cord transcutaneous stimulation|targeted spinal cord transcutaneous stimulation","unique_condition: chronic cervical spinal cord injury, 
unique_physical: activity-based recovery training|neuromodulation training, 
unique_other: spinal cord transcutaneous stimulation|targeted spinal cord transcutaneous stimulation",1.0,1.0,0.8,0.8,0.0,0.0,0.6666666666666666,0.6666666666666666,0.0,0.0,0.0,0.0,0.0,0.0,0.0,0.0
122,NCT04934371,"unique_condition: hyperacusis|tinnitus, 
unique_control: sham, 
unique_other: active listening therapy|listening therapy|non-invasive transcranial direct current stimulation|noninvasive neuromodulation|transcranial direct current stimulation","unique_condition: hyperacusis|tinnitus, 
unique_control: sham, 
unique_other: active listening therapy|listening therapy|non-invasive transcranial direct current stimulation|noninvasive neuromodulation|transcranial direct current stimulation",1.0,1.0,1.0,1.0,0.0,0.0,0.0,0.0,0.0,0.0,0.0,0.0,0.0,0.0,1.0,1.0
123,NCT05716074,"unique_condition: als|early stage als|fatigue, 
unique_physical: low-intensity combined exercises|low-intensity combined exercises","unique_condition: als|early stage als|fatigue, 
unique_physical: low-intensity combined exercises|low-intensity combined exercise",1.0,1.0,0.0,0.0,0.0,0.0,0.5,1.0,0.0,0.0,0.0,0.0,0.0,0.0,0.0,0.0
124,NCT05464563,unique_condition: disorder of empathy|empathy disorder|lack of self-compassion|schizophrenia|self-awareness disorders|self-compassion deficit,unique_condition: dipathy|empathy disorder|lac|schizophrenia|self-awareness disorders|self-compassion deficit,0.6666666666666666,0.7692307692307693,0.0,0.0,0.0,0.0,0.0,0.0,0.0,0.0,0.0,0.0,0.0,0.0,0.0,0.0
125,NCT00282152,"unique_condition: early stage parkinson's disease|levodopa-induced motor complications|pd, 
unique_surgical: bilateral subthalamic nucleus deep brain stimulation|neurostimulation","unique_condition: early stage parkinson's disease|pd, 
unique_drug: ledopa, 
unique_surgical: b-stn dbs, 
unique_other: b-stn dbs|bilateral subthalamic nucleus deep brain stimulation|neurostimulation",0.8,0.8,0.0,0.0,0.0,0.0,0.0,0.0,0.0,0.0,0.0,0.0,0.0,0.0,0.0,0.0
126,NCT04041063,"unique_condition: nerve transfer surgery|spinal cord injury|tetraplegic, 
unique_physical: robot-assisted, intensive rehabilitation","unique_condition: nerve transfer surgery|surgical intervention for spinal cord injury|tetraplegic, 
unique_physical: re|rehabilitation|robot-assisted , intensive rehabilitation",0.6666666666666666,0.6666666666666666,0.0,0.0,0.0,0.0,0.0,0.6666666666666666,0.0,0.0,0.0,0.0,0.0,0.0,0.0,0.0
127,NCT05670158,"unique_condition: delayed hearing loss|residual audition loss|residual hearing loss|sensorineural hearing loss, 
unique_control: other types of otological interventions, 
unique_surgical: cochlear implant|cochlear implantation|cochlear implantation surgery|cohlear implantation",unique_condition: cochlear implant|cochlear implantation|cochlear implantation surgery|cochlear implantation surgery-cochlear implantation|delayed hearing loss|imp|post-cohlear implantation|residual audition loss|residual hearing loss-implantation residual hearing loss|sensorineural hearing loss,0.42857142857142855,0.5333333333333333,0.0,0.0,0.0,0.0,0.0,0.0,0.0,0.0,0.0,0.0,0.0,0.0,0.0,0.0
128,NCT01386827,unique_drug: bmjev|ixiaro|ixiaro vaccine|je-mb|mouse brain derived japanese encephalitis vaccines|traditional mouse-brain derived vaccine|vero-cell-derived inactivated japanese encephalitis vaccine,"unique_drug: bmjev|ixiaro|ixro|japanese encephalitis|je-mb mouse brain derived japanese encephalitis vaccine|mouse brain derived japanese encephalitis vaccines, 
unique_control: traditional mouse-brain derived vaccine, 
unique_surgical: vero-cell-derived inactivated japanese encephalitis vaccine",0.0,0.0,0.0,0.0,0.46153846153846156,0.8235294117647058,0.0,0.0,0.0,0.0,0.0,0.0,0.0,0.0,0.0,0.0
129,NCT01404247,,"unique_condition: ditic retinopathy|gcoma hy|rel detachment, 
unique_drug: cyclomydril|sugar (sucrose",0.0,0.0,0.0,0.0,0.0,0.0,0.0,0.0,0.0,0.0,0.0,0.0,0.0,0.0,0.0,0.0
130,NCT00675155,"unique_condition: hemorrhagic stroke|ischemic stroke|stroke, 
unique_radiotherapy: far infrared radiation","unique_condition: hemorrhagic stroke|ischemic stroke|stroke, 
unique_other: far infrared radiation",1.0,1.0,0.0,0.0,0.0,0.0,0.0,0.0,0.0,0.0,0.0,0.0,0.0,0.0,0.0,0.0
131,NCT00665223,"unique_condition: huntington's disease, 
unique_drug: acr16, 
unique_control: placebo","unique_condition: huntington's disease, 
unique_drug: acr16, 
unique_control: placebo",1.0,1.0,0.0,0.0,1.0,1.0,0.0,0.0,0.0,0.0,0.0,0.0,0.0,0.0,1.0,1.0
132,NCT02800460,unique_condition: parkinson's disease|parkinsonian,"unique_condition: parkinson's disease|parkinson's disease|parkinsonia|parkinsonian, 
unique_other: deep brain stimulation|stereo",0.8,1.0,0.0,0.0,0.0,0.0,0.0,0.0,0.0,0.0,0.0,0.0,0.0,0.0,0.0,0.0
133,NCT04117269,"unique_condition: active diabetic foot ulcer|diabetic foot ulcers, 
unique_other: external shoe lift","unique_condition: active diabetic foot ulcer|diabetic foot ulcers disc, 
unique_other: external shoe lift",0.5,1.0,1.0,1.0,0.0,0.0,0.0,0.0,0.0,0.0,0.0,0.0,0.0,0.0,0.0,0.0
134,NCT01362959,"unique_condition: critically ill|withdrawal, 
unique_drug: nicotine","unique_condition: critically ill|intensive care unit|nicotine withdrawal symptoms|smoking, 
unique_drug: nicotine replacement therapy",0.3333333333333333,0.3333333333333333,0.0,0.0,0.0,0.0,0.0,0.0,0.0,0.0,0.0,0.0,0.0,0.0,0.0,0.0
135,NCT05462678,"unique_condition: cognitive deficits|motor disabilities|ms|multiple sclerosis, 
unique_control: only motor rehabilitation course|rehabilitation alone, 
unique_physical: motor rehabilitation path with the rehacom program, 
unique_other: combined cognitive/motor rehabilitation|combined rehabilitation|rehabilitation of memory deficits|rehabilitation of verbal memory with the rehacom program","unique_condition: cognitive deficit|memory deficits|motor disabilities|ms|multiple sclerosis, 
unique_control: motor rehabilitation|rehabilitation alone, 
unique_physical: cognitive/motor rehabilitation|motor rehabilitation path|rehabilitation of verbal memory|rehacom|rehacom program, 
unique_other: combined cognitive/motor rehabilitation|combined rehabilitation|re",0.6666666666666666,1.0,0.5714285714285714,0.5714285714285714,0.0,0.0,0.0,0.5,0.0,0.0,0.0,0.0,0.0,0.0,0.5,1.0
136,NCT03578354,"unique_condition: vestibular migraine|vestibular migriane, 
unique_drug: 4-aminopyridine|atenolol, 
unique_control: placebo","unique_condition: vestibular and headache|vestibular migraine|vestibular migriane, 
unique_drug: 4-aminopyridine|4-aminopyridine|atenolol, 
unique_control: placebo",0.8,1.0,0.0,0.0,1.0,1.0,0.0,0.0,0.0,0.0,0.0,0.0,0.0,0.0,1.0,1.0
137,NCT05240976,"unique_condition: schizophrenia|ultra-resistant schizophrenia, 
unique_drug: clozapine, 
unique_other: drug with anti-inflammatory property|drugs with anti-inflammatory properties|nmda-enhancer|nmda-enhancing agent|nmda-enhancing and anti-inflammatory treatments","unique_condition: schizophrenia|ultra-resistant schizophrenia, 
unique_drug: clozapine|nmda-enhancer|nmda-enhancing agent|nmda-enhancing anti-inflammatory|nmda-enhancer",1.0,1.0,0.0,0.0,0.4,0.4,0.0,0.0,0.0,0.0,0.0,0.0,0.0,0.0,0.0,0.0
138,NCT03799887,"unique_condition: fatigue|moderate to advanced pd|parkinson's disease, 
unique_physical: body weight supported treadmill training","unique_condition: fatigue|moderate to advanced pd|parkinson's disease|parkinson's disease, 
unique_physical: body weight supported treadmill training",1.0,1.0,0.0,0.0,0.0,0.0,1.0,1.0,0.0,0.0,0.0,0.0,0.0,0.0,0.0,0.0
139,NCT01405833,"unique_condition: pain|sciatica, 
unique_drug: bg00010|neublastin, 
unique_control: placebo","unique_condition: pain|sciatica, 
unique_drug: bg00010|neublastin, 
unique_control: placebo",1.0,1.0,0.0,0.0,1.0,1.0,0.0,0.0,0.0,0.0,0.0,0.0,0.0,0.0,1.0,1.0
140,NCT03130608,"unique_condition: chronic liver disease|post liver transplant|post-liver transplant, 
unique_control: the usual post-transplant care|usual care, 
unique_physical: inspiratory muscle strengthening exercise|inspiratory muscle training, 
unique_other: usual post-liver transplant care","unique_condition: chronic liver disease|muscle wasting|post-liver transplant|transplant surgery liver transplant liver transplant, 
unique_control: usual post-liver transplant care|usual post-transplant care, 
unique_physical: inspiratory muscle strengthening exercise|inspiratory muscle training care",0.5714285714285714,0.75,0.0,0.0,0.0,0.0,0.5,1.0,0.0,0.0,0.0,0.0,0.0,0.0,0.0,0.8571428571428571
141,NCT05101837,"unique_condition: chronic pain|migraine|neuropathic pain|pain, 
unique_behavioural: home-program|mindfulness|mindfulness guided face-to-face program, 
unique_other: mindfulness delivered mainly by a specific app|specific app to delivery mindfulness sessions","unique_condition: chronic pain|migraine|neuropathic pain|pain, 
unique_control: mindfulness guided face-to-face program, 
unique_behavioural: behavioural approach based on mindfulnessp, 
unique_other: behavioural approach base on|mindfulness|mindfulness practice|mindfulness sessions|s app to del|technology with",1.0,1.0,0.0,0.4,0.0,0.0,0.0,0.0,0.0,0.0,0.0,0.0,0.0,0.0,0.0,0.0
142,NCT03012971,"unique_condition: cancer surgery|delirium|inflammatory response|metastasis|stress|surgery for malignant tumors|tumor recurrence, 
unique_drug: dexmedetomidine","unique_condition: cancer surgery|delirium|malignant tumors|metastasis|postoperative tumor recurrence|surgery, 
unique_drug: dexmedetomidine",0.46153846153846156,0.8888888888888888,0.0,0.0,1.0,1.0,0.0,0.0,0.0,0.0,0.0,0.0,0.0,0.0,0.0,0.0
143,NCT01875445,"unique_condition: compulsive hair pulling|trichotillomania, 
unique_drug: inositol, 
unique_control: placebo","unique_condition: alzheimer's disease|attention deficit-hyperactivity disorder|attention deficit-hyperactivity disorder|cancer|compulsive hair pulling|depression|diabetic nerve pain|ins|panic disorder|szophrenia|trichotillomania, 
unique_drug: inositol, 
unique_control: lit|placebo",0.3333333333333333,0.3333333333333333,0.0,0.0,1.0,1.0,0.0,0.0,0.0,0.0,0.0,0.0,0.0,0.0,0.6666666666666666,0.6666666666666666
144,NCT04847089,"unique_condition: stroke, 
unique_other: feedback in real time|feedback training|motor imagery|motor imagery training|real-time feedback","unique_condition: stroke, 
unique_physical: motor imagery training, 
unique_other: feedback training|motor imagery|real-time feedback",1.0,1.0,0.75,1.0,0.0,0.0,0.0,0.0,0.0,0.0,0.0,0.0,0.0,0.0,0.0,0.0
145,NCT01997255,"unique_condition: epilepsy|seizures|sturge weber syndrome|sturge-weber syndrome, 
unique_drug: afinitor|everolimus|rad 001","unique_condition: epilepsy|seizures|sturge-weber syndrome|sturge weber syndrome, 
unique_drug: afin|everolimus|rad 001",1.0,1.0,0.0,0.0,0.6666666666666666,1.0,0.0,0.0,0.0,0.0,0.0,0.0,0.0,0.0,0.0,0.0
146,NCT02846415,"unique_condition: early to moderate dementia, 
unique_control: wait-list, 
unique_other: pid programme|play intervention for dementia","unique_condition: dementia|early to moderate dementia, 
unique_control: wait-list, 
unique_behavioural: play intervention for|play intervention for dementia",0.6666666666666666,0.6666666666666666,0.0,0.0,0.0,0.0,0.0,0.0,0.0,0.0,0.0,0.0,0.0,0.0,1.0,1.0
147,NCT02892097,"unique_condition: stroke|unilateral spatial neglect, 
unique_physical: arm rehabilitation training|repetitive task-specific practice|rtp|task-specific practice, 
unique_other: non-invasive brain stimulation|tdcs|transcranial direct current stimulation","unique_condition: stroke|unilateral spatial neglect|unilateral spatial neglect post stroke, 
unique_physical: arm rehabilitation training|rehabilitation|repetitive task-specific practice|rtp|task-specific practice, 
unique_other: non-invasive brain stimulation|tdcs|transcranial direct current stimulation",0.8,1.0,1.0,1.0,0.0,0.0,0.8888888888888888,1.0,0.0,0.0,0.0,0.0,0.0,0.0,0.0,0.0
148,NCT00433667,"unique_condition: epilepsy|partial onset seizures, 
unique_drug: rwj-333369","unique_condition: epilepsy|partial onset seizures, 
unique_drug: rwj-333369",1.0,1.0,0.0,0.0,1.0,1.0,0.0,0.0,0.0,0.0,0.0,0.0,0.0,0.0,0.0,0.0
149,NCT02139436,"unique_condition: acute sci|cardiovascular declines|cardiovascular disease|declines in physiologic function|sci|spinal cord injury, 
unique_control: arms-only exercise|arms-only-rt|time (wait-list) control|time control, 
unique_physical: fes-rt|functional electrical stimulation (fes) row training (rt)|hybrid-fes exercise","unique_condition: acute sci|cardiovascular compromise|cardiovascular declines|cardiovascular disease|cardiovascular disease decline|sci|spinal cord injury, 
unique_control: arms-only-rt|arms-only exercise|exercise|time|time control|wait-list, 
unique_physical: exercise|fes) row training rt|fes-rt|functional electrical stimulation (|hybrid-fes exercise|volitional arm and electrically controlled leg exercise",0.7692307692307693,0.9333333333333333,0.0,0.0,0.0,0.0,0.4444444444444444,0.7272727272727273,0.0,0.0,0.0,0.0,0.0,0.0,0.6,0.8333333333333334
150,NCT02751905,unique_drug: [14c]-biib074|biib074,unique_drug: biib074,0.0,0.0,0.0,0.0,0.6666666666666666,1.0,0.0,0.0,0.0,0.0,0.0,0.0,0.0,0.0,0.0,0.0
151,NCT03170856,"unique_condition: concussion, 
unique_physical: sub-maximal exercise program|sub-maximal exercise protocol","unique_condition: concussion|su a, 
unique_physical: sub-maximal exercise program|sub-maximal exercise protocol",0.6666666666666666,0.6666666666666666,0.0,0.0,0.0,0.0,1.0,1.0,0.0,0.0,0.0,0.0,0.0,0.0,0.0,0.0
152,NCT03661411,"unique_condition: acute ischemic stroke|acute mild ischemic stroke|acute minor stroke|minor stroke|stroke, 
unique_drug: alteplase|antiplatelet|aspirin|clopidogrel|r-tpa|rt-pa","unique_condition: acute ischemic stroke|acute ischemic strokebolytic|acute mild ischemic stroke|acute minor stroke|minor stroke|stroke|tia, 
unique_drug: alteplase|alteplasecal hemhage|antiplatelet|antithrombolytic therapy|antithrombotic therapy|aspirin|clopidogrel|r-tpa|rt-pa thrombolytic therapy, 
unique_other: thrombolys|thrombolytic",0.8333333333333334,0.9230769230769231,0.0,0.0,0.6666666666666666,0.8235294117647058,0.0,0.0,0.0,0.0,0.0,0.0,0.0,0.0,0.0,0.0
