,nct_id,canonical_unique_interventions,canonical_bert-base-uncased_interventions,canonical_BioLinkBERT-base_interventions,canonical_biobert-v1.1_interventions,canonical_gpt_interventions,canonical_gpt-4_interventions,canonical_aact_interventions,eval_exact_match_bert-base-uncased,eval_exact_match_bert-base-uncased_tp_fp_fn,eval_exact_match_BioLinkBERT-base,eval_exact_match_BioLinkBERT-base_tp_fp_fn,eval_exact_match_biobert-v1.1,eval_exact_match_biobert-v1.1_tp_fp_fn,eval_exact_match_gpt,eval_exact_match_gpt_tp_fp_fn,eval_exact_match_gpt-4,eval_exact_match_gpt-4_tp_fp_fn,eval_exact_match_aact,eval_exact_match_aact_tp_fp_fn,eval_majority_bert-base-uncased,eval_majority_bert-base-uncased_tp_fp_fn,eval_majority_BioLinkBERT-base,eval_majority_BioLinkBERT-base_tp_fp_fn,eval_majority_biobert-v1.1,eval_majority_biobert-v1.1_tp_fp_fn,eval_majority_gpt,eval_majority_gpt_tp_fp_fn,eval_majority_gpt-4,eval_majority_gpt-4_tp_fp_fn,eval_majority_aact,eval_majority_aact_tp_fp_fn
0,NCT04849741,ion373,ion373,ion373,ion373,ion373,ion373,ion373,"{'p': 1.0, 'r': 1.0, 'f1': 1.0}","{'tp': 1, 'fp': 0, 'fn': 0}","{'p': 1.0, 'r': 1.0, 'f1': 1.0}","{'tp': 1, 'fp': 0, 'fn': 0}","{'p': 1.0, 'r': 1.0, 'f1': 1.0}","{'tp': 1, 'fp': 0, 'fn': 0}","{'p': 1.0, 'r': 1.0, 'f1': 1.0}","{'tp': 1, 'fp': 0, 'fn': 0}","{'p': 1.0, 'r': 1.0, 'f1': 1.0}","{'tp': 1, 'fp': 0, 'fn': 0}","{'p': 1.0, 'r': 1.0, 'f1': 1.0}","{'tp': 1, 'fp': 0, 'fn': 0}","{'p': 1.0, 'r': 1.0, 'f1': 1.0}","{'tp': 1, 'fp': 0, 'fn': 0}","{'p': 1.0, 'r': 1.0, 'f1': 1.0}","{'tp': 1, 'fp': 0, 'fn': 0}","{'p': 1.0, 'r': 1.0, 'f1': 1.0}","{'tp': 1, 'fp': 0, 'fn': 0}","{'p': 1.0, 'r': 1.0, 'f1': 1.0}","{'tp': 1, 'fp': 0, 'fn': 0}","{'p': 1.0, 'r': 1.0, 'f1': 1.0}","{'tp': 1, 'fp': 0, 'fn': 0}","{'p': 1.0, 'r': 1.0, 'f1': 1.0}","{'tp': 1, 'fp': 0, 'fn': 0}"
1,NCT04576507,dronabinol|cannabinoids|dronabinol|cannabidiol|cannabinoid,cannabidiol|cannabinoids|dronabinol,cannabidi|cannabinoids|cannabidiol,cannabidiol|cannabino|canna,medical cannabis|opioids|cannabinoids|dronabinol|dronabinol|cannabidiol|cannabidiol,medical cannabis|delta-9-tetrahydrocannabinol (thc)|cannabidiol (cbd),medical cannabis,"{'p': 1.0, 'r': 0.75, 'f1': 0.86}","{'tp': 3, 'fp': 0, 'fn': 1}","{'p': 0.67, 'r': 0.5, 'f1': 0.57}","{'tp': 2, 'fp': 1, 'fn': 2}","{'p': 0.33, 'r': 0.25, 'f1': 0.29}","{'tp': 1, 'fp': 2, 'fn': 3}","{'p': 0.6, 'r': 0.75, 'f1': 0.67}","{'tp': 3, 'fp': 2, 'fn': 1}","{'p': 0.0, 'r': 0.0, 'f1': 0}","{'tp': 0, 'fp': 3, 'fn': 4}","{'p': 0.0, 'r': 0.0, 'f1': 0}","{'tp': 0, 'fp': 1, 'fn': 4}","{'p': 1.0, 'r': 0.75, 'f1': 0.86}","{'tp': 3, 'fp': 0, 'fn': 1}","{'p': 0.67, 'r': 0.5, 'f1': 0.57}","{'tp': 2, 'fp': 1, 'fn': 2}","{'p': 0.33, 'r': 0.25, 'f1': 0.29}","{'tp': 1, 'fp': 2, 'fn': 3}","{'p': 0.6, 'r': 0.75, 'f1': 0.67}","{'tp': 3, 'fp': 2, 'fn': 1}","{'p': 0.33, 'r': 0.25, 'f1': 0.29}","{'tp': 1, 'fp': 2, 'fn': 3}","{'p': 0.0, 'r': 0.0, 'f1': 0}","{'tp': 0, 'fp': 1, 'fn': 4}"
2,NCT00261508,antipsychotic medication|risperidone,risperidon|anti|risperidone,antipsychotic medication|risperidone,antipsy,risperidone|placebo,risperidone,risperidone,"{'p': 0.33, 'r': 0.5, 'f1': 0.4}","{'tp': 1, 'fp': 2, 'fn': 1}","{'p': 1.0, 'r': 1.0, 'f1': 1.0}","{'tp': 2, 'fp': 0, 'fn': 0}","{'p': 0.0, 'r': 0.0, 'f1': 0}","{'tp': 0, 'fp': 1, 'fn': 2}","{'p': 0.5, 'r': 0.5, 'f1': 0.5}","{'tp': 1, 'fp': 1, 'fn': 1}","{'p': 1.0, 'r': 0.5, 'f1': 0.67}","{'tp': 1, 'fp': 0, 'fn': 1}","{'p': 1.0, 'r': 0.5, 'f1': 0.67}","{'tp': 1, 'fp': 0, 'fn': 1}","{'p': 0.33, 'r': 0.5, 'f1': 0.4}","{'tp': 1, 'fp': 2, 'fn': 1}","{'p': 1.0, 'r': 1.0, 'f1': 1.0}","{'tp': 2, 'fp': 0, 'fn': 0}","{'p': 0.0, 'r': 0.0, 'f1': 0}","{'tp': 0, 'fp': 1, 'fn': 2}","{'p': 0.5, 'r': 0.5, 'f1': 0.5}","{'tp': 1, 'fp': 1, 'fn': 1}","{'p': 1.0, 'r': 0.5, 'f1': 0.67}","{'tp': 1, 'fp': 0, 'fn': 1}","{'p': 1.0, 'r': 0.5, 'f1': 0.67}","{'tp': 1, 'fp': 0, 'fn': 1}"
3,NCT01495923,gabapentin|steroid,epid|gabapentin|steroid,gabapentin,gabapentin,epidural steroid injections|gabapentin,epidural steroid injections|gabapentin,gabapentin|gabapentin|sham epidural steroid injection|epidural steroid injection,"{'p': 0.67, 'r': 1.0, 'f1': 0.8}","{'tp': 2, 'fp': 1, 'fn': 0}","{'p': 1.0, 'r': 0.5, 'f1': 0.67}","{'tp': 1, 'fp': 0, 'fn': 1}","{'p': 1.0, 'r': 0.5, 'f1': 0.67}","{'tp': 1, 'fp': 0, 'fn': 1}","{'p': 0.5, 'r': 0.5, 'f1': 0.5}","{'tp': 1, 'fp': 1, 'fn': 1}","{'p': 0.5, 'r': 0.5, 'f1': 0.5}","{'tp': 1, 'fp': 1, 'fn': 1}","{'p': 0.33, 'r': 0.5, 'f1': 0.4}","{'tp': 1, 'fp': 2, 'fn': 1}","{'p': 0.67, 'r': 1.0, 'f1': 0.8}","{'tp': 2, 'fp': 1, 'fn': 0}","{'p': 1.0, 'r': 0.5, 'f1': 0.67}","{'tp': 1, 'fp': 0, 'fn': 1}","{'p': 1.0, 'r': 0.5, 'f1': 0.67}","{'tp': 1, 'fp': 0, 'fn': 1}","{'p': 1.0, 'r': 1.0, 'f1': 1.0}","{'tp': 2, 'fp': 0, 'fn': 0}","{'p': 1.0, 'r': 1.0, 'f1': 1.0}","{'tp': 2, 'fp': 0, 'fn': 0}","{'p': 1.0, 'r': 1.0, 'f1': 1.0}","{'tp': 2, 'fp': 0, 'fn': 0}"
4,NCT03150563,,,,,,,,"{'p': 0, 'r': 0, 'f1': 0}","{'tp': 0, 'fp': 0, 'fn': 0}","{'p': 0, 'r': 0, 'f1': 0}","{'tp': 0, 'fp': 0, 'fn': 0}","{'p': 0, 'r': 0, 'f1': 0}","{'tp': 0, 'fp': 0, 'fn': 0}","{'p': 0, 'r': 0, 'f1': 0}","{'tp': 0, 'fp': 0, 'fn': 0}","{'p': 0, 'r': 0, 'f1': 0}","{'tp': 0, 'fp': 0, 'fn': 0}","{'p': 0, 'r': 0, 'f1': 0}","{'tp': 0, 'fp': 0, 'fn': 0}","{'p': 0, 'r': 0, 'f1': 0}","{'tp': 0, 'fp': 0, 'fn': 0}","{'p': 0, 'r': 0, 'f1': 0}","{'tp': 0, 'fp': 0, 'fn': 0}","{'p': 0, 'r': 0, 'f1': 0}","{'tp': 0, 'fp': 0, 'fn': 0}","{'p': 0, 'r': 0, 'f1': 0}","{'tp': 0, 'fp': 0, 'fn': 0}","{'p': 0, 'r': 0, 'f1': 0}","{'tp': 0, 'fp': 0, 'fn': 0}","{'p': 0, 'r': 0, 'f1': 0}","{'tp': 0, 'fp': 0, 'fn': 0}"
5,NCT05265377,,,,,stelo,,,"{'p': 0, 'r': 0, 'f1': 0}","{'tp': 0, 'fp': 0, 'fn': 0}","{'p': 0, 'r': 0, 'f1': 0}","{'tp': 0, 'fp': 0, 'fn': 0}","{'p': 0, 'r': 0, 'f1': 0}","{'tp': 0, 'fp': 0, 'fn': 0}","{'p': 0.0, 'r': 0.0, 'f1': 0}","{'tp': 0, 'fp': 1, 'fn': 1}","{'p': 0, 'r': 0, 'f1': 0}","{'tp': 0, 'fp': 0, 'fn': 0}","{'p': 0, 'r': 0, 'f1': 0}","{'tp': 0, 'fp': 0, 'fn': 0}","{'p': 0, 'r': 0, 'f1': 0}","{'tp': 0, 'fp': 0, 'fn': 0}","{'p': 0, 'r': 0, 'f1': 0}","{'tp': 0, 'fp': 0, 'fn': 0}","{'p': 0, 'r': 0, 'f1': 0}","{'tp': 0, 'fp': 0, 'fn': 0}","{'p': 0.0, 'r': 0.0, 'f1': 0}","{'tp': 0, 'fp': 1, 'fn': 1}","{'p': 0, 'r': 0, 'f1': 0}","{'tp': 0, 'fp': 0, 'fn': 0}","{'p': 0, 'r': 0, 'f1': 0}","{'tp': 0, 'fp': 0, 'fn': 0}"
6,NCT03170856,,,,,sub-maximal exercise program|concussion,,,"{'p': 0, 'r': 0, 'f1': 0}","{'tp': 0, 'fp': 0, 'fn': 0}","{'p': 0, 'r': 0, 'f1': 0}","{'tp': 0, 'fp': 0, 'fn': 0}","{'p': 0, 'r': 0, 'f1': 0}","{'tp': 0, 'fp': 0, 'fn': 0}","{'p': 0.0, 'r': 0.0, 'f1': 0}","{'tp': 0, 'fp': 2, 'fn': 1}","{'p': 0, 'r': 0, 'f1': 0}","{'tp': 0, 'fp': 0, 'fn': 0}","{'p': 0, 'r': 0, 'f1': 0}","{'tp': 0, 'fp': 0, 'fn': 0}","{'p': 0, 'r': 0, 'f1': 0}","{'tp': 0, 'fp': 0, 'fn': 0}","{'p': 0, 'r': 0, 'f1': 0}","{'tp': 0, 'fp': 0, 'fn': 0}","{'p': 0, 'r': 0, 'f1': 0}","{'tp': 0, 'fp': 0, 'fn': 0}","{'p': 0.0, 'r': 0.0, 'f1': 0}","{'tp': 0, 'fp': 2, 'fn': 1}","{'p': 0, 'r': 0, 'f1': 0}","{'tp': 0, 'fp': 0, 'fn': 0}","{'p': 0, 'r': 0, 'f1': 0}","{'tp': 0, 'fp': 0, 'fn': 0}"
7,NCT01421056,chf 5074,chf 5074,chf 5074,chf 5074,chf 5074,chf 5074,chf 5074 1x|chf 5074 2x|chf 5074 3x,"{'p': 1.0, 'r': 1.0, 'f1': 1.0}","{'tp': 1, 'fp': 0, 'fn': 0}","{'p': 1.0, 'r': 1.0, 'f1': 1.0}","{'tp': 1, 'fp': 0, 'fn': 0}","{'p': 1.0, 'r': 1.0, 'f1': 1.0}","{'tp': 1, 'fp': 0, 'fn': 0}","{'p': 1.0, 'r': 1.0, 'f1': 1.0}","{'tp': 1, 'fp': 0, 'fn': 0}","{'p': 1.0, 'r': 1.0, 'f1': 1.0}","{'tp': 1, 'fp': 0, 'fn': 0}","{'p': 0.0, 'r': 0.0, 'f1': 0}","{'tp': 0, 'fp': 3, 'fn': 1}","{'p': 1.0, 'r': 1.0, 'f1': 1.0}","{'tp': 1, 'fp': 0, 'fn': 0}","{'p': 1.0, 'r': 1.0, 'f1': 1.0}","{'tp': 1, 'fp': 0, 'fn': 0}","{'p': 1.0, 'r': 1.0, 'f1': 1.0}","{'tp': 1, 'fp': 0, 'fn': 0}","{'p': 1.0, 'r': 1.0, 'f1': 1.0}","{'tp': 1, 'fp': 0, 'fn': 0}","{'p': 1.0, 'r': 1.0, 'f1': 1.0}","{'tp': 1, 'fp': 0, 'fn': 0}","{'p': 1.0, 'r': 1.0, 'f1': 1.0}","{'tp': 1, 'fp': 0, 'fn': 0}"
8,NCT04446416,temozolomide|bevacizumab,bevacizumab,temozolomide|bevacizumab|radiotherapy,temozolomide|bevacizumab,bevacizumab,navifus system|bevacizumab (bev)|temozolomide,bevacizumab|navifus system,"{'p': 1.0, 'r': 0.5, 'f1': 0.67}","{'tp': 1, 'fp': 0, 'fn': 1}","{'p': 0.67, 'r': 1.0, 'f1': 0.8}","{'tp': 2, 'fp': 1, 'fn': 0}","{'p': 1.0, 'r': 1.0, 'f1': 1.0}","{'tp': 2, 'fp': 0, 'fn': 0}","{'p': 1.0, 'r': 0.5, 'f1': 0.67}","{'tp': 1, 'fp': 0, 'fn': 1}","{'p': 0.33, 'r': 0.5, 'f1': 0.4}","{'tp': 1, 'fp': 2, 'fn': 1}","{'p': 0.5, 'r': 0.5, 'f1': 0.5}","{'tp': 1, 'fp': 1, 'fn': 1}","{'p': 1.0, 'r': 0.5, 'f1': 0.67}","{'tp': 1, 'fp': 0, 'fn': 1}","{'p': 0.67, 'r': 1.0, 'f1': 0.8}","{'tp': 2, 'fp': 1, 'fn': 0}","{'p': 1.0, 'r': 1.0, 'f1': 1.0}","{'tp': 2, 'fp': 0, 'fn': 0}","{'p': 1.0, 'r': 0.5, 'f1': 0.67}","{'tp': 1, 'fp': 0, 'fn': 1}","{'p': 0.67, 'r': 1.0, 'f1': 0.8}","{'tp': 2, 'fp': 1, 'fn': 0}","{'p': 0.5, 'r': 0.5, 'f1': 0.5}","{'tp': 1, 'fp': 1, 'fn': 1}"
9,NCT04212260,,,,,o-pe|cpap,,,"{'p': 0, 'r': 0, 'f1': 0}","{'tp': 0, 'fp': 0, 'fn': 0}","{'p': 0, 'r': 0, 'f1': 0}","{'tp': 0, 'fp': 0, 'fn': 0}","{'p': 0, 'r': 0, 'f1': 0}","{'tp': 0, 'fp': 0, 'fn': 0}","{'p': 0.0, 'r': 0.0, 'f1': 0}","{'tp': 0, 'fp': 2, 'fn': 1}","{'p': 0, 'r': 0, 'f1': 0}","{'tp': 0, 'fp': 0, 'fn': 0}","{'p': 0, 'r': 0, 'f1': 0}","{'tp': 0, 'fp': 0, 'fn': 0}","{'p': 0, 'r': 0, 'f1': 0}","{'tp': 0, 'fp': 0, 'fn': 0}","{'p': 0, 'r': 0, 'f1': 0}","{'tp': 0, 'fp': 0, 'fn': 0}","{'p': 0, 'r': 0, 'f1': 0}","{'tp': 0, 'fp': 0, 'fn': 0}","{'p': 0.0, 'r': 0.0, 'f1': 0}","{'tp': 0, 'fp': 2, 'fn': 1}","{'p': 0, 'r': 0, 'f1': 0}","{'tp': 0, 'fp': 0, 'fn': 0}","{'p': 0, 'r': 0, 'f1': 0}","{'tp': 0, 'fp': 0, 'fn': 0}"
10,NCT01475578,,sta-1,,sta-1,sta-1 capsule,sta-1 capsule,ergoloid mesylates tablet|sta-1,"{'p': 0.0, 'r': 0.0, 'f1': 0}","{'tp': 0, 'fp': 1, 'fn': 1}","{'p': 0, 'r': 0, 'f1': 0}","{'tp': 0, 'fp': 0, 'fn': 0}","{'p': 0.0, 'r': 0.0, 'f1': 0}","{'tp': 0, 'fp': 1, 'fn': 1}","{'p': 0.0, 'r': 0.0, 'f1': 0}","{'tp': 0, 'fp': 1, 'fn': 1}","{'p': 0.0, 'r': 0.0, 'f1': 0}","{'tp': 0, 'fp': 1, 'fn': 1}","{'p': 0.0, 'r': 0.0, 'f1': 0}","{'tp': 0, 'fp': 2, 'fn': 1}","{'p': 0.0, 'r': 0.0, 'f1': 0}","{'tp': 0, 'fp': 1, 'fn': 1}","{'p': 0, 'r': 0, 'f1': 0}","{'tp': 0, 'fp': 0, 'fn': 0}","{'p': 0.0, 'r': 0.0, 'f1': 0}","{'tp': 0, 'fp': 1, 'fn': 1}","{'p': 0.0, 'r': 0.0, 'f1': 0}","{'tp': 0, 'fp': 1, 'fn': 1}","{'p': 0.0, 'r': 0.0, 'f1': 0}","{'tp': 0, 'fp': 1, 'fn': 1}","{'p': 0.0, 'r': 0.0, 'f1': 0}","{'tp': 0, 'fp': 2, 'fn': 1}"
11,NCT02029547,,,,florbetapir,florbetapir (18f),florbetapir (18f),florbetapir (18f),"{'p': 0, 'r': 0, 'f1': 0}","{'tp': 0, 'fp': 0, 'fn': 0}","{'p': 0, 'r': 0, 'f1': 0}","{'tp': 0, 'fp': 0, 'fn': 0}","{'p': 0.0, 'r': 0.0, 'f1': 0}","{'tp': 0, 'fp': 1, 'fn': 1}","{'p': 0.0, 'r': 0.0, 'f1': 0}","{'tp': 0, 'fp': 1, 'fn': 1}","{'p': 0.0, 'r': 0.0, 'f1': 0}","{'tp': 0, 'fp': 1, 'fn': 1}","{'p': 0.0, 'r': 0.0, 'f1': 0}","{'tp': 0, 'fp': 1, 'fn': 1}","{'p': 0, 'r': 0, 'f1': 0}","{'tp': 0, 'fp': 0, 'fn': 0}","{'p': 0, 'r': 0, 'f1': 0}","{'tp': 0, 'fp': 0, 'fn': 0}","{'p': 0.0, 'r': 0.0, 'f1': 0}","{'tp': 0, 'fp': 1, 'fn': 1}","{'p': 0.0, 'r': 0.0, 'f1': 0}","{'tp': 0, 'fp': 1, 'fn': 1}","{'p': 0.0, 'r': 0.0, 'f1': 0}","{'tp': 0, 'fp': 1, 'fn': 1}","{'p': 0.0, 'r': 0.0, 'f1': 0}","{'tp': 0, 'fp': 1, 'fn': 1}"
12,NCT02914951,,,,,cbt,,,"{'p': 0, 'r': 0, 'f1': 0}","{'tp': 0, 'fp': 0, 'fn': 0}","{'p': 0, 'r': 0, 'f1': 0}","{'tp': 0, 'fp': 0, 'fn': 0}","{'p': 0, 'r': 0, 'f1': 0}","{'tp': 0, 'fp': 0, 'fn': 0}","{'p': 0.0, 'r': 0.0, 'f1': 0}","{'tp': 0, 'fp': 1, 'fn': 1}","{'p': 0, 'r': 0, 'f1': 0}","{'tp': 0, 'fp': 0, 'fn': 0}","{'p': 0, 'r': 0, 'f1': 0}","{'tp': 0, 'fp': 0, 'fn': 0}","{'p': 0, 'r': 0, 'f1': 0}","{'tp': 0, 'fp': 0, 'fn': 0}","{'p': 0, 'r': 0, 'f1': 0}","{'tp': 0, 'fp': 0, 'fn': 0}","{'p': 0, 'r': 0, 'f1': 0}","{'tp': 0, 'fp': 0, 'fn': 0}","{'p': 0.0, 'r': 0.0, 'f1': 0}","{'tp': 0, 'fp': 1, 'fn': 1}","{'p': 0, 'r': 0, 'f1': 0}","{'tp': 0, 'fp': 0, 'fn': 0}","{'p': 0, 'r': 0, 'f1': 0}","{'tp': 0, 'fp': 0, 'fn': 0}"
13,NCT02645942,l-c|levocarnitine,levocarnitine|l-c,levocarnitine|l-c,levocarnitine|l-c,levocarnitine,levocarnitine,,"{'p': 1.0, 'r': 1.0, 'f1': 1.0}","{'tp': 2, 'fp': 0, 'fn': 0}","{'p': 1.0, 'r': 1.0, 'f1': 1.0}","{'tp': 2, 'fp': 0, 'fn': 0}","{'p': 1.0, 'r': 1.0, 'f1': 1.0}","{'tp': 2, 'fp': 0, 'fn': 0}","{'p': 1.0, 'r': 0.5, 'f1': 0.67}","{'tp': 1, 'fp': 0, 'fn': 1}","{'p': 1.0, 'r': 0.5, 'f1': 0.67}","{'tp': 1, 'fp': 0, 'fn': 1}","{'p': 0.0, 'r': 0.0, 'f1': 0}","{'tp': 0, 'fp': 1, 'fn': 2}","{'p': 1.0, 'r': 1.0, 'f1': 1.0}","{'tp': 2, 'fp': 0, 'fn': 0}","{'p': 1.0, 'r': 1.0, 'f1': 1.0}","{'tp': 2, 'fp': 0, 'fn': 0}","{'p': 1.0, 'r': 1.0, 'f1': 1.0}","{'tp': 2, 'fp': 0, 'fn': 0}","{'p': 1.0, 'r': 0.5, 'f1': 0.67}","{'tp': 1, 'fp': 0, 'fn': 1}","{'p': 1.0, 'r': 0.5, 'f1': 0.67}","{'tp': 1, 'fp': 0, 'fn': 1}","{'p': 0.0, 'r': 0.0, 'f1': 0}","{'tp': 0, 'fp': 1, 'fn': 2}"
14,NCT05709210,,,,,,,,"{'p': 0, 'r': 0, 'f1': 0}","{'tp': 0, 'fp': 0, 'fn': 0}","{'p': 0, 'r': 0, 'f1': 0}","{'tp': 0, 'fp': 0, 'fn': 0}","{'p': 0, 'r': 0, 'f1': 0}","{'tp': 0, 'fp': 0, 'fn': 0}","{'p': 0, 'r': 0, 'f1': 0}","{'tp': 0, 'fp': 0, 'fn': 0}","{'p': 0, 'r': 0, 'f1': 0}","{'tp': 0, 'fp': 0, 'fn': 0}","{'p': 0, 'r': 0, 'f1': 0}","{'tp': 0, 'fp': 0, 'fn': 0}","{'p': 0, 'r': 0, 'f1': 0}","{'tp': 0, 'fp': 0, 'fn': 0}","{'p': 0, 'r': 0, 'f1': 0}","{'tp': 0, 'fp': 0, 'fn': 0}","{'p': 0, 'r': 0, 'f1': 0}","{'tp': 0, 'fp': 0, 'fn': 0}","{'p': 0, 'r': 0, 'f1': 0}","{'tp': 0, 'fp': 0, 'fn': 0}","{'p': 0, 'r': 0, 'f1': 0}","{'tp': 0, 'fp': 0, 'fn': 0}","{'p': 0, 'r': 0, 'f1': 0}","{'tp': 0, 'fp': 0, 'fn': 0}"
15,NCT00201461,,,,,starflex® septal closure system,starflex® septal closure system|best medical therapy,best medical therapy|starflex septal closure system,"{'p': 0, 'r': 0, 'f1': 0}","{'tp': 0, 'fp': 0, 'fn': 0}","{'p': 0, 'r': 0, 'f1': 0}","{'tp': 0, 'fp': 0, 'fn': 0}","{'p': 0, 'r': 0, 'f1': 0}","{'tp': 0, 'fp': 0, 'fn': 0}","{'p': 0.0, 'r': 0.0, 'f1': 0}","{'tp': 0, 'fp': 1, 'fn': 1}","{'p': 0.0, 'r': 0.0, 'f1': 0}","{'tp': 0, 'fp': 2, 'fn': 1}","{'p': 0.0, 'r': 0.0, 'f1': 0}","{'tp': 0, 'fp': 2, 'fn': 1}","{'p': 0, 'r': 0, 'f1': 0}","{'tp': 0, 'fp': 0, 'fn': 0}","{'p': 0, 'r': 0, 'f1': 0}","{'tp': 0, 'fp': 0, 'fn': 0}","{'p': 0, 'r': 0, 'f1': 0}","{'tp': 0, 'fp': 0, 'fn': 0}","{'p': 0.0, 'r': 0.0, 'f1': 0}","{'tp': 0, 'fp': 1, 'fn': 1}","{'p': 0.0, 'r': 0.0, 'f1': 0}","{'tp': 0, 'fp': 2, 'fn': 1}","{'p': 0.0, 'r': 0.0, 'f1': 0}","{'tp': 0, 'fp': 2, 'fn': 1}"
16,NCT04610879,carbamazepine|levetiracetam,levetiracetam|carbamazepine|levetirace|lev|carbamaze,carbamazepine|levetiracetam,carbamazepine|levetiracetam,carbamazepine|levetiracetam,carbamazepine|levetiracetam,carbamazepine|levetiracetam|parent based sleep (pbs) intervention,"{'p': 0.4, 'r': 1.0, 'f1': 0.57}","{'tp': 2, 'fp': 3, 'fn': 0}","{'p': 1.0, 'r': 1.0, 'f1': 1.0}","{'tp': 2, 'fp': 0, 'fn': 0}","{'p': 1.0, 'r': 1.0, 'f1': 1.0}","{'tp': 2, 'fp': 0, 'fn': 0}","{'p': 1.0, 'r': 1.0, 'f1': 1.0}","{'tp': 2, 'fp': 0, 'fn': 0}","{'p': 1.0, 'r': 1.0, 'f1': 1.0}","{'tp': 2, 'fp': 0, 'fn': 0}","{'p': 0.67, 'r': 1.0, 'f1': 0.8}","{'tp': 2, 'fp': 1, 'fn': 0}","{'p': 0.4, 'r': 1.0, 'f1': 0.57}","{'tp': 2, 'fp': 3, 'fn': 0}","{'p': 1.0, 'r': 1.0, 'f1': 1.0}","{'tp': 2, 'fp': 0, 'fn': 0}","{'p': 1.0, 'r': 1.0, 'f1': 1.0}","{'tp': 2, 'fp': 0, 'fn': 0}","{'p': 1.0, 'r': 1.0, 'f1': 1.0}","{'tp': 2, 'fp': 0, 'fn': 0}","{'p': 1.0, 'r': 1.0, 'f1': 1.0}","{'tp': 2, 'fp': 0, 'fn': 0}","{'p': 0.67, 'r': 1.0, 'f1': 0.8}","{'tp': 2, 'fp': 1, 'fn': 0}"
17,NCT05220072,carbon-14 bia 28-6156|bia 28-6156,bia 28-6156|bia 28-61|carbon-14 bia 28-6156,bia 28-6156,bia 28-6156,bia 28-6156,bia 28-6156,carbon-14 bia 28-6156,"{'p': 0.67, 'r': 1.0, 'f1': 0.8}","{'tp': 2, 'fp': 1, 'fn': 0}","{'p': 1.0, 'r': 0.5, 'f1': 0.67}","{'tp': 1, 'fp': 0, 'fn': 1}","{'p': 1.0, 'r': 0.5, 'f1': 0.67}","{'tp': 1, 'fp': 0, 'fn': 1}","{'p': 1.0, 'r': 0.5, 'f1': 0.67}","{'tp': 1, 'fp': 0, 'fn': 1}","{'p': 1.0, 'r': 0.5, 'f1': 0.67}","{'tp': 1, 'fp': 0, 'fn': 1}","{'p': 1.0, 'r': 0.5, 'f1': 0.67}","{'tp': 1, 'fp': 0, 'fn': 1}","{'p': 0.67, 'r': 1.0, 'f1': 0.8}","{'tp': 2, 'fp': 1, 'fn': 0}","{'p': 1.0, 'r': 1.0, 'f1': 1.0}","{'tp': 2, 'fp': 0, 'fn': 0}","{'p': 1.0, 'r': 1.0, 'f1': 1.0}","{'tp': 2, 'fp': 0, 'fn': 0}","{'p': 1.0, 'r': 1.0, 'f1': 1.0}","{'tp': 2, 'fp': 0, 'fn': 0}","{'p': 1.0, 'r': 1.0, 'f1': 1.0}","{'tp': 2, 'fp': 0, 'fn': 0}","{'p': 1.0, 'r': 1.0, 'f1': 1.0}","{'tp': 2, 'fp': 0, 'fn': 0}"
18,NCT01751347,bupivicaine|lidocaine|epinephrine|bupivacaine,bupivicaine|lidocaine|lidoca|lid|bupivacaine,bupivicaine|lidocaine|local|bupivacaine,bupivicaine|lidocaine|local anesthetic|bupivacaine,bupivacaine|lidocaine|lidocaine|bupivacaine|bupivacaine|lidocaine|bupivicaine|lidocaine|bupivacaine,bupivacaine|lidocaine,bupivacaine|lidocaine,"{'p': 0.6, 'r': 0.75, 'f1': 0.67}","{'tp': 3, 'fp': 2, 'fn': 1}","{'p': 0.75, 'r': 0.75, 'f1': 0.75}","{'tp': 3, 'fp': 1, 'fn': 1}","{'p': 0.75, 'r': 0.75, 'f1': 0.75}","{'tp': 3, 'fp': 1, 'fn': 1}","{'p': 1.0, 'r': 0.75, 'f1': 0.86}","{'tp': 3, 'fp': 0, 'fn': 1}","{'p': 1.0, 'r': 0.5, 'f1': 0.67}","{'tp': 2, 'fp': 0, 'fn': 2}","{'p': 1.0, 'r': 0.5, 'f1': 0.67}","{'tp': 2, 'fp': 0, 'fn': 2}","{'p': 0.6, 'r': 0.75, 'f1': 0.67}","{'tp': 3, 'fp': 2, 'fn': 1}","{'p': 0.75, 'r': 0.75, 'f1': 0.75}","{'tp': 3, 'fp': 1, 'fn': 1}","{'p': 0.75, 'r': 0.75, 'f1': 0.75}","{'tp': 3, 'fp': 1, 'fn': 1}","{'p': 1.0, 'r': 0.75, 'f1': 0.86}","{'tp': 3, 'fp': 0, 'fn': 1}","{'p': 1.0, 'r': 0.5, 'f1': 0.67}","{'tp': 2, 'fp': 0, 'fn': 2}","{'p': 1.0, 'r': 0.5, 'f1': 0.67}","{'tp': 2, 'fp': 0, 'fn': 2}"
19,NCT05375240,adrenergic β-receptor blocker|antibiotics|propranolol,propranolol|adrenergic β-receptor blocker,antibiotics|propranolol|adrenergic β-receptor blocker,pro|anti|propranolol|adrenergic β-receptor blocker,propranolol,propranolol|antibiotics,ceftriaxone|propranolol,"{'p': 1.0, 'r': 0.67, 'f1': 0.8}","{'tp': 2, 'fp': 0, 'fn': 1}","{'p': 1.0, 'r': 1.0, 'f1': 1.0}","{'tp': 3, 'fp': 0, 'fn': 0}","{'p': 0.5, 'r': 0.67, 'f1': 0.57}","{'tp': 2, 'fp': 2, 'fn': 1}","{'p': 1.0, 'r': 0.33, 'f1': 0.5}","{'tp': 1, 'fp': 0, 'fn': 2}","{'p': 1.0, 'r': 0.67, 'f1': 0.8}","{'tp': 2, 'fp': 0, 'fn': 1}","{'p': 0.5, 'r': 0.33, 'f1': 0.4}","{'tp': 1, 'fp': 1, 'fn': 2}","{'p': 1.0, 'r': 0.67, 'f1': 0.8}","{'tp': 2, 'fp': 0, 'fn': 1}","{'p': 1.0, 'r': 1.0, 'f1': 1.0}","{'tp': 3, 'fp': 0, 'fn': 0}","{'p': 0.5, 'r': 0.67, 'f1': 0.57}","{'tp': 2, 'fp': 2, 'fn': 1}","{'p': 1.0, 'r': 0.33, 'f1': 0.5}","{'tp': 1, 'fp': 0, 'fn': 2}","{'p': 1.0, 'r': 0.67, 'f1': 0.8}","{'tp': 2, 'fp': 0, 'fn': 1}","{'p': 0.5, 'r': 0.33, 'f1': 0.4}","{'tp': 1, 'fp': 1, 'fn': 2}"
20,NCT03546517,,,,,dnhs technique|biceps brachii|brachialis|flexor digitorum superficialis|flexor digitorum profundus|triceps brachii|extensor digitorum|adductor pollicis,,,"{'p': 0, 'r': 0, 'f1': 0}","{'tp': 0, 'fp': 0, 'fn': 0}","{'p': 0, 'r': 0, 'f1': 0}","{'tp': 0, 'fp': 0, 'fn': 0}","{'p': 0, 'r': 0, 'f1': 0}","{'tp': 0, 'fp': 0, 'fn': 0}","{'p': 0.0, 'r': 0.0, 'f1': 0}","{'tp': 0, 'fp': 8, 'fn': 1}","{'p': 0, 'r': 0, 'f1': 0}","{'tp': 0, 'fp': 0, 'fn': 0}","{'p': 0, 'r': 0, 'f1': 0}","{'tp': 0, 'fp': 0, 'fn': 0}","{'p': 0, 'r': 0, 'f1': 0}","{'tp': 0, 'fp': 0, 'fn': 0}","{'p': 0, 'r': 0, 'f1': 0}","{'tp': 0, 'fp': 0, 'fn': 0}","{'p': 0, 'r': 0, 'f1': 0}","{'tp': 0, 'fp': 0, 'fn': 0}","{'p': 0.0, 'r': 0.0, 'f1': 0}","{'tp': 0, 'fp': 8, 'fn': 1}","{'p': 0, 'r': 0, 'f1': 0}","{'tp': 0, 'fp': 0, 'fn': 0}","{'p': 0, 'r': 0, 'f1': 0}","{'tp': 0, 'fp': 0, 'fn': 0}"
21,NCT04433377,,,,,suprascapular nerve block|subacromial injection,,,"{'p': 0, 'r': 0, 'f1': 0}","{'tp': 0, 'fp': 0, 'fn': 0}","{'p': 0, 'r': 0, 'f1': 0}","{'tp': 0, 'fp': 0, 'fn': 0}","{'p': 0, 'r': 0, 'f1': 0}","{'tp': 0, 'fp': 0, 'fn': 0}","{'p': 0.0, 'r': 0.0, 'f1': 0}","{'tp': 0, 'fp': 2, 'fn': 1}","{'p': 0, 'r': 0, 'f1': 0}","{'tp': 0, 'fp': 0, 'fn': 0}","{'p': 0, 'r': 0, 'f1': 0}","{'tp': 0, 'fp': 0, 'fn': 0}","{'p': 0, 'r': 0, 'f1': 0}","{'tp': 0, 'fp': 0, 'fn': 0}","{'p': 0, 'r': 0, 'f1': 0}","{'tp': 0, 'fp': 0, 'fn': 0}","{'p': 0, 'r': 0, 'f1': 0}","{'tp': 0, 'fp': 0, 'fn': 0}","{'p': 0.0, 'r': 0.0, 'f1': 0}","{'tp': 0, 'fp': 2, 'fn': 1}","{'p': 0, 'r': 0, 'f1': 0}","{'tp': 0, 'fp': 0, 'fn': 0}","{'p': 0, 'r': 0, 'f1': 0}","{'tp': 0, 'fp': 0, 'fn': 0}"
22,NCT05669885,,sildenafil,sildenafil|phosphodiesterase 5 inhibitor,phosphodiesterase 5 inhibition|phosphodiesterase 5 inhibitor,sildenafil,sildenafil|phosphodiesterase 5 inhibitor,sildenafil,"{'p': 0.0, 'r': 0.0, 'f1': 0}","{'tp': 0, 'fp': 1, 'fn': 1}","{'p': 0.0, 'r': 0.0, 'f1': 0}","{'tp': 0, 'fp': 2, 'fn': 1}","{'p': 0.0, 'r': 0.0, 'f1': 0}","{'tp': 0, 'fp': 2, 'fn': 1}","{'p': 0.0, 'r': 0.0, 'f1': 0}","{'tp': 0, 'fp': 1, 'fn': 1}","{'p': 0.0, 'r': 0.0, 'f1': 0}","{'tp': 0, 'fp': 2, 'fn': 1}","{'p': 0.0, 'r': 0.0, 'f1': 0}","{'tp': 0, 'fp': 1, 'fn': 1}","{'p': 0.0, 'r': 0.0, 'f1': 0}","{'tp': 0, 'fp': 1, 'fn': 1}","{'p': 0.0, 'r': 0.0, 'f1': 0}","{'tp': 0, 'fp': 2, 'fn': 1}","{'p': 0.0, 'r': 0.0, 'f1': 0}","{'tp': 0, 'fp': 2, 'fn': 1}","{'p': 0.0, 'r': 0.0, 'f1': 0}","{'tp': 0, 'fp': 1, 'fn': 1}","{'p': 0.0, 'r': 0.0, 'f1': 0}","{'tp': 0, 'fp': 2, 'fn': 1}","{'p': 0.0, 'r': 0.0, 'f1': 0}","{'tp': 0, 'fp': 1, 'fn': 1}"
23,NCT00101634,paliperidone palmitate,paliperidone palmitate,paliperidone palmitate|soybean oil,paliperidone palmitate,paliperidone palmitate,paliperidone palmitate|20% intralipid emulsion,paliperidone palmitate,"{'p': 1.0, 'r': 1.0, 'f1': 1.0}","{'tp': 1, 'fp': 0, 'fn': 0}","{'p': 0.5, 'r': 1.0, 'f1': 0.67}","{'tp': 1, 'fp': 1, 'fn': 0}","{'p': 1.0, 'r': 1.0, 'f1': 1.0}","{'tp': 1, 'fp': 0, 'fn': 0}","{'p': 1.0, 'r': 1.0, 'f1': 1.0}","{'tp': 1, 'fp': 0, 'fn': 0}","{'p': 0.5, 'r': 1.0, 'f1': 0.67}","{'tp': 1, 'fp': 1, 'fn': 0}","{'p': 1.0, 'r': 1.0, 'f1': 1.0}","{'tp': 1, 'fp': 0, 'fn': 0}","{'p': 1.0, 'r': 1.0, 'f1': 1.0}","{'tp': 1, 'fp': 0, 'fn': 0}","{'p': 0.5, 'r': 1.0, 'f1': 0.67}","{'tp': 1, 'fp': 1, 'fn': 0}","{'p': 1.0, 'r': 1.0, 'f1': 1.0}","{'tp': 1, 'fp': 0, 'fn': 0}","{'p': 1.0, 'r': 1.0, 'f1': 1.0}","{'tp': 1, 'fp': 0, 'fn': 0}","{'p': 0.5, 'r': 1.0, 'f1': 0.67}","{'tp': 1, 'fp': 1, 'fn': 0}","{'p': 1.0, 'r': 1.0, 'f1': 1.0}","{'tp': 1, 'fp': 0, 'fn': 0}"
24,NCT05473676,,,,,trexo robotic gait trainers,trexo robotic gait trainers,,"{'p': 0, 'r': 0, 'f1': 0}","{'tp': 0, 'fp': 0, 'fn': 0}","{'p': 0, 'r': 0, 'f1': 0}","{'tp': 0, 'fp': 0, 'fn': 0}","{'p': 0, 'r': 0, 'f1': 0}","{'tp': 0, 'fp': 0, 'fn': 0}","{'p': 0.0, 'r': 0.0, 'f1': 0}","{'tp': 0, 'fp': 1, 'fn': 1}","{'p': 0.0, 'r': 0.0, 'f1': 0}","{'tp': 0, 'fp': 1, 'fn': 1}","{'p': 0, 'r': 0, 'f1': 0}","{'tp': 0, 'fp': 0, 'fn': 0}","{'p': 0, 'r': 0, 'f1': 0}","{'tp': 0, 'fp': 0, 'fn': 0}","{'p': 0, 'r': 0, 'f1': 0}","{'tp': 0, 'fp': 0, 'fn': 0}","{'p': 0, 'r': 0, 'f1': 0}","{'tp': 0, 'fp': 0, 'fn': 0}","{'p': 0.0, 'r': 0.0, 'f1': 0}","{'tp': 0, 'fp': 1, 'fn': 1}","{'p': 0.0, 'r': 0.0, 'f1': 0}","{'tp': 0, 'fp': 1, 'fn': 1}","{'p': 0, 'r': 0, 'f1': 0}","{'tp': 0, 'fp': 0, 'fn': 0}"
25,NCT01962779,,,,,cpap,,,"{'p': 0, 'r': 0, 'f1': 0}","{'tp': 0, 'fp': 0, 'fn': 0}","{'p': 0, 'r': 0, 'f1': 0}","{'tp': 0, 'fp': 0, 'fn': 0}","{'p': 0, 'r': 0, 'f1': 0}","{'tp': 0, 'fp': 0, 'fn': 0}","{'p': 0.0, 'r': 0.0, 'f1': 0}","{'tp': 0, 'fp': 1, 'fn': 1}","{'p': 0, 'r': 0, 'f1': 0}","{'tp': 0, 'fp': 0, 'fn': 0}","{'p': 0, 'r': 0, 'f1': 0}","{'tp': 0, 'fp': 0, 'fn': 0}","{'p': 0, 'r': 0, 'f1': 0}","{'tp': 0, 'fp': 0, 'fn': 0}","{'p': 0, 'r': 0, 'f1': 0}","{'tp': 0, 'fp': 0, 'fn': 0}","{'p': 0, 'r': 0, 'f1': 0}","{'tp': 0, 'fp': 0, 'fn': 0}","{'p': 0.0, 'r': 0.0, 'f1': 0}","{'tp': 0, 'fp': 1, 'fn': 1}","{'p': 0, 'r': 0, 'f1': 0}","{'tp': 0, 'fp': 0, 'fn': 0}","{'p': 0, 'r': 0, 'f1': 0}","{'tp': 0, 'fp': 0, 'fn': 0}"
26,NCT03714217,,,,,youate,,,"{'p': 0, 'r': 0, 'f1': 0}","{'tp': 0, 'fp': 0, 'fn': 0}","{'p': 0, 'r': 0, 'f1': 0}","{'tp': 0, 'fp': 0, 'fn': 0}","{'p': 0, 'r': 0, 'f1': 0}","{'tp': 0, 'fp': 0, 'fn': 0}","{'p': 0.0, 'r': 0.0, 'f1': 0}","{'tp': 0, 'fp': 1, 'fn': 1}","{'p': 0, 'r': 0, 'f1': 0}","{'tp': 0, 'fp': 0, 'fn': 0}","{'p': 0, 'r': 0, 'f1': 0}","{'tp': 0, 'fp': 0, 'fn': 0}","{'p': 0, 'r': 0, 'f1': 0}","{'tp': 0, 'fp': 0, 'fn': 0}","{'p': 0, 'r': 0, 'f1': 0}","{'tp': 0, 'fp': 0, 'fn': 0}","{'p': 0, 'r': 0, 'f1': 0}","{'tp': 0, 'fp': 0, 'fn': 0}","{'p': 0.0, 'r': 0.0, 'f1': 0}","{'tp': 0, 'fp': 1, 'fn': 1}","{'p': 0, 'r': 0, 'f1': 0}","{'tp': 0, 'fp': 0, 'fn': 0}","{'p': 0, 'r': 0, 'f1': 0}","{'tp': 0, 'fp': 0, 'fn': 0}"
27,NCT00822198,,,,,plantar vibration|peripheral neuropathy,,,"{'p': 0, 'r': 0, 'f1': 0}","{'tp': 0, 'fp': 0, 'fn': 0}","{'p': 0, 'r': 0, 'f1': 0}","{'tp': 0, 'fp': 0, 'fn': 0}","{'p': 0, 'r': 0, 'f1': 0}","{'tp': 0, 'fp': 0, 'fn': 0}","{'p': 0.0, 'r': 0.0, 'f1': 0}","{'tp': 0, 'fp': 2, 'fn': 1}","{'p': 0, 'r': 0, 'f1': 0}","{'tp': 0, 'fp': 0, 'fn': 0}","{'p': 0, 'r': 0, 'f1': 0}","{'tp': 0, 'fp': 0, 'fn': 0}","{'p': 0, 'r': 0, 'f1': 0}","{'tp': 0, 'fp': 0, 'fn': 0}","{'p': 0, 'r': 0, 'f1': 0}","{'tp': 0, 'fp': 0, 'fn': 0}","{'p': 0, 'r': 0, 'f1': 0}","{'tp': 0, 'fp': 0, 'fn': 0}","{'p': 0.0, 'r': 0.0, 'f1': 0}","{'tp': 0, 'fp': 2, 'fn': 1}","{'p': 0, 'r': 0, 'f1': 0}","{'tp': 0, 'fp': 0, 'fn': 0}","{'p': 0, 'r': 0, 'f1': 0}","{'tp': 0, 'fp': 0, 'fn': 0}"
28,NCT02647242,,,,,beathealth,,,"{'p': 0, 'r': 0, 'f1': 0}","{'tp': 0, 'fp': 0, 'fn': 0}","{'p': 0, 'r': 0, 'f1': 0}","{'tp': 0, 'fp': 0, 'fn': 0}","{'p': 0, 'r': 0, 'f1': 0}","{'tp': 0, 'fp': 0, 'fn': 0}","{'p': 0.0, 'r': 0.0, 'f1': 0}","{'tp': 0, 'fp': 1, 'fn': 1}","{'p': 0, 'r': 0, 'f1': 0}","{'tp': 0, 'fp': 0, 'fn': 0}","{'p': 0, 'r': 0, 'f1': 0}","{'tp': 0, 'fp': 0, 'fn': 0}","{'p': 0, 'r': 0, 'f1': 0}","{'tp': 0, 'fp': 0, 'fn': 0}","{'p': 0, 'r': 0, 'f1': 0}","{'tp': 0, 'fp': 0, 'fn': 0}","{'p': 0, 'r': 0, 'f1': 0}","{'tp': 0, 'fp': 0, 'fn': 0}","{'p': 0.0, 'r': 0.0, 'f1': 0}","{'tp': 0, 'fp': 1, 'fn': 1}","{'p': 0, 'r': 0, 'f1': 0}","{'tp': 0, 'fp': 0, 'fn': 0}","{'p': 0, 'r': 0, 'f1': 0}","{'tp': 0, 'fp': 0, 'fn': 0}"
29,NCT01118637,,,,,"stepped care in the treatment of trichotillomania|trichotillomania (ttm), repetitive pulling out of one's own hair to the extent that noticeable hair loss occurs, is a distressing condition interfering substantially with functioning and quality of life. the longterm objective of this research is to determine whether psychological treatment of ttm could be disseminated more effectively by using a stepped care model in which less intensive interventions are tried first, with more intensive interventions used only if initial treatment proves insufficient. this project is a pilot study of the first two steps in a stepped care model of treatment. after baseline assessment, 50 participants with ttm will be randomly assigned to (a) immediate condition, in which they are offered 10-week self-help treatment via an interactive website (step 1) or (b) wait list/delayed start condition, a 10-week wait list prior to being offered step 1. in each condition, at the end of step 1, participants will be offered 8 weeks of in-person habit reversal training provided by psychology graduate students (step 2). ttm symptoms will be measured from baseline through a follow-up 3 months after the end of step 2, as will depression, anxiety, quality of life, functional impairment , treatment utilization, and treatment satisfaction.

the specific aims of the study are:

to gather preliminary data on the efficacy of web-based self-help, compared to wait list control;
to characterize the acceptability of stepped care to patients with ttm by assessing the proportion of enrolled participants who proceed from step 1 to step 2 treatment;
to evaluate the convergent validity of four decision rules for concluding that a patient with ttm has benefited sufficiently from a treatment step: (a) no longer meeting ttm diagnostic criteria; (b) showing a 25% or greater reduction in total scores on self-report and clinician-rated ttm symptoms; (c) achieving complete abstinence from hair-pulling; and (d) clinically significant response on both self-report and clinician-rated ttm symptom measures
to evaluate the concurrent and predictive validity of criteria for sufficient benefit from a treatment step by relating them to treatment satisfaction, treatment utilization, and scores on a measure of functional impairment from ttm.

drug names: none",,,"{'p': 0, 'r': 0, 'f1': 0}","{'tp': 0, 'fp': 0, 'fn': 0}","{'p': 0, 'r': 0, 'f1': 0}","{'tp': 0, 'fp': 0, 'fn': 0}","{'p': 0, 'r': 0, 'f1': 0}","{'tp': 0, 'fp': 0, 'fn': 0}","{'p': 0.0, 'r': 0.0, 'f1': 0}","{'tp': 0, 'fp': 2, 'fn': 1}","{'p': 0, 'r': 0, 'f1': 0}","{'tp': 0, 'fp': 0, 'fn': 0}","{'p': 0, 'r': 0, 'f1': 0}","{'tp': 0, 'fp': 0, 'fn': 0}","{'p': 0, 'r': 0, 'f1': 0}","{'tp': 0, 'fp': 0, 'fn': 0}","{'p': 0, 'r': 0, 'f1': 0}","{'tp': 0, 'fp': 0, 'fn': 0}","{'p': 0, 'r': 0, 'f1': 0}","{'tp': 0, 'fp': 0, 'fn': 0}","{'p': 0.0, 'r': 0.0, 'f1': 0}","{'tp': 0, 'fp': 2, 'fn': 1}","{'p': 0, 'r': 0, 'f1': 0}","{'tp': 0, 'fp': 0, 'fn': 0}","{'p': 0, 'r': 0, 'f1': 0}","{'tp': 0, 'fp': 0, 'fn': 0}"
30,NCT05513794,,,,,neurimelanin,,,"{'p': 0, 'r': 0, 'f1': 0}","{'tp': 0, 'fp': 0, 'fn': 0}","{'p': 0, 'r': 0, 'f1': 0}","{'tp': 0, 'fp': 0, 'fn': 0}","{'p': 0, 'r': 0, 'f1': 0}","{'tp': 0, 'fp': 0, 'fn': 0}","{'p': 0.0, 'r': 0.0, 'f1': 0}","{'tp': 0, 'fp': 1, 'fn': 1}","{'p': 0, 'r': 0, 'f1': 0}","{'tp': 0, 'fp': 0, 'fn': 0}","{'p': 0, 'r': 0, 'f1': 0}","{'tp': 0, 'fp': 0, 'fn': 0}","{'p': 0, 'r': 0, 'f1': 0}","{'tp': 0, 'fp': 0, 'fn': 0}","{'p': 0, 'r': 0, 'f1': 0}","{'tp': 0, 'fp': 0, 'fn': 0}","{'p': 0, 'r': 0, 'f1': 0}","{'tp': 0, 'fp': 0, 'fn': 0}","{'p': 0.0, 'r': 0.0, 'f1': 0}","{'tp': 0, 'fp': 1, 'fn': 1}","{'p': 0, 'r': 0, 'f1': 0}","{'tp': 0, 'fp': 0, 'fn': 0}","{'p': 0, 'r': 0, 'f1': 0}","{'tp': 0, 'fp': 0, 'fn': 0}"
31,NCT03177967,,,,,cbt-i,,,"{'p': 0, 'r': 0, 'f1': 0}","{'tp': 0, 'fp': 0, 'fn': 0}","{'p': 0, 'r': 0, 'f1': 0}","{'tp': 0, 'fp': 0, 'fn': 0}","{'p': 0, 'r': 0, 'f1': 0}","{'tp': 0, 'fp': 0, 'fn': 0}","{'p': 0.0, 'r': 0.0, 'f1': 0}","{'tp': 0, 'fp': 1, 'fn': 1}","{'p': 0, 'r': 0, 'f1': 0}","{'tp': 0, 'fp': 0, 'fn': 0}","{'p': 0, 'r': 0, 'f1': 0}","{'tp': 0, 'fp': 0, 'fn': 0}","{'p': 0, 'r': 0, 'f1': 0}","{'tp': 0, 'fp': 0, 'fn': 0}","{'p': 0, 'r': 0, 'f1': 0}","{'tp': 0, 'fp': 0, 'fn': 0}","{'p': 0, 'r': 0, 'f1': 0}","{'tp': 0, 'fp': 0, 'fn': 0}","{'p': 0.0, 'r': 0.0, 'f1': 0}","{'tp': 0, 'fp': 1, 'fn': 1}","{'p': 0, 'r': 0, 'f1': 0}","{'tp': 0, 'fp': 0, 'fn': 0}","{'p': 0, 'r': 0, 'f1': 0}","{'tp': 0, 'fp': 0, 'fn': 0}"
32,NCT00455507,kw-6002|istradefylline,istradefylline|levodopa|kw-6002,istradefylline|levodopa|kw-6002,istradefylline|levodopa|kw-6002,kw-6002 (istradefylline),kw-6002|istradefylline|levodopa,istradefylline,"{'p': 0.67, 'r': 1.0, 'f1': 0.8}","{'tp': 2, 'fp': 1, 'fn': 0}","{'p': 0.67, 'r': 1.0, 'f1': 0.8}","{'tp': 2, 'fp': 1, 'fn': 0}","{'p': 0.67, 'r': 1.0, 'f1': 0.8}","{'tp': 2, 'fp': 1, 'fn': 0}","{'p': 0.0, 'r': 0.0, 'f1': 0}","{'tp': 0, 'fp': 1, 'fn': 2}","{'p': 0.67, 'r': 1.0, 'f1': 0.8}","{'tp': 2, 'fp': 1, 'fn': 0}","{'p': 1.0, 'r': 0.5, 'f1': 0.67}","{'tp': 1, 'fp': 0, 'fn': 1}","{'p': 0.67, 'r': 1.0, 'f1': 0.8}","{'tp': 2, 'fp': 1, 'fn': 0}","{'p': 0.67, 'r': 1.0, 'f1': 0.8}","{'tp': 2, 'fp': 1, 'fn': 0}","{'p': 0.67, 'r': 1.0, 'f1': 0.8}","{'tp': 2, 'fp': 1, 'fn': 0}","{'p': 1.0, 'r': 0.5, 'f1': 0.67}","{'tp': 1, 'fp': 0, 'fn': 1}","{'p': 0.67, 'r': 1.0, 'f1': 0.8}","{'tp': 2, 'fp': 1, 'fn': 0}","{'p': 1.0, 'r': 0.5, 'f1': 0.67}","{'tp': 1, 'fp': 0, 'fn': 1}"
33,NCT03562351,,diazep,,midazola|diazep,diazepam|midazolam|lorazepam,diazepam|midazolam|lorazepam,,"{'p': 0.0, 'r': 0.0, 'f1': 0}","{'tp': 0, 'fp': 1, 'fn': 1}","{'p': 0, 'r': 0, 'f1': 0}","{'tp': 0, 'fp': 0, 'fn': 0}","{'p': 0.0, 'r': 0.0, 'f1': 0}","{'tp': 0, 'fp': 2, 'fn': 1}","{'p': 0.0, 'r': 0.0, 'f1': 0}","{'tp': 0, 'fp': 3, 'fn': 1}","{'p': 0.0, 'r': 0.0, 'f1': 0}","{'tp': 0, 'fp': 3, 'fn': 1}","{'p': 0, 'r': 0, 'f1': 0}","{'tp': 0, 'fp': 0, 'fn': 0}","{'p': 0.0, 'r': 0.0, 'f1': 0}","{'tp': 0, 'fp': 1, 'fn': 1}","{'p': 0, 'r': 0, 'f1': 0}","{'tp': 0, 'fp': 0, 'fn': 0}","{'p': 0.0, 'r': 0.0, 'f1': 0}","{'tp': 0, 'fp': 2, 'fn': 1}","{'p': 0.0, 'r': 0.0, 'f1': 0}","{'tp': 0, 'fp': 3, 'fn': 1}","{'p': 0.0, 'r': 0.0, 'f1': 0}","{'tp': 0, 'fp': 3, 'fn': 1}","{'p': 0, 'r': 0, 'f1': 0}","{'tp': 0, 'fp': 0, 'fn': 0}"
34,NCT05679505,,,,,t-vns|covid|vagus nerve stimulation|t-vns method|transcutaneous vagus nerve stimulation|left ear transcutaneous vagus nerve stimulation|bilateral auricular transcutaneous vagus nerve stimulation|hrv|ans,,,"{'p': 0, 'r': 0, 'f1': 0}","{'tp': 0, 'fp': 0, 'fn': 0}","{'p': 0, 'r': 0, 'f1': 0}","{'tp': 0, 'fp': 0, 'fn': 0}","{'p': 0, 'r': 0, 'f1': 0}","{'tp': 0, 'fp': 0, 'fn': 0}","{'p': 0.0, 'r': 0.0, 'f1': 0}","{'tp': 0, 'fp': 9, 'fn': 1}","{'p': 0, 'r': 0, 'f1': 0}","{'tp': 0, 'fp': 0, 'fn': 0}","{'p': 0, 'r': 0, 'f1': 0}","{'tp': 0, 'fp': 0, 'fn': 0}","{'p': 0, 'r': 0, 'f1': 0}","{'tp': 0, 'fp': 0, 'fn': 0}","{'p': 0, 'r': 0, 'f1': 0}","{'tp': 0, 'fp': 0, 'fn': 0}","{'p': 0, 'r': 0, 'f1': 0}","{'tp': 0, 'fp': 0, 'fn': 0}","{'p': 0.0, 'r': 0.0, 'f1': 0}","{'tp': 0, 'fp': 9, 'fn': 1}","{'p': 0, 'r': 0, 'f1': 0}","{'tp': 0, 'fp': 0, 'fn': 0}","{'p': 0, 'r': 0, 'f1': 0}","{'tp': 0, 'fp': 0, 'fn': 0}"
35,NCT05527314,remimazolam|benzodiazepines|sevoflurane,remimazolam|flumazen|sevoflurane,remimazolam|benzodiazepines|propofol|sevoflurane|midazolam,ben|remimazolam|flumazenil,remimazolam|sevoflurane,remimazolam|sevoflurane|midazolam|propofol|flumazenil,cisatracurium besylate|fentanyl|remifentanil|remimazolam|sevoflurane,"{'p': 0.67, 'r': 0.67, 'f1': 0.67}","{'tp': 2, 'fp': 1, 'fn': 1}","{'p': 0.6, 'r': 1.0, 'f1': 0.75}","{'tp': 3, 'fp': 2, 'fn': 0}","{'p': 0.33, 'r': 0.33, 'f1': 0.33}","{'tp': 1, 'fp': 2, 'fn': 2}","{'p': 1.0, 'r': 0.67, 'f1': 0.8}","{'tp': 2, 'fp': 0, 'fn': 1}","{'p': 0.4, 'r': 0.67, 'f1': 0.5}","{'tp': 2, 'fp': 3, 'fn': 1}","{'p': 0.4, 'r': 0.67, 'f1': 0.5}","{'tp': 2, 'fp': 3, 'fn': 1}","{'p': 0.67, 'r': 0.67, 'f1': 0.67}","{'tp': 2, 'fp': 1, 'fn': 1}","{'p': 0.6, 'r': 1.0, 'f1': 0.75}","{'tp': 3, 'fp': 2, 'fn': 0}","{'p': 0.33, 'r': 0.33, 'f1': 0.33}","{'tp': 1, 'fp': 2, 'fn': 2}","{'p': 1.0, 'r': 0.67, 'f1': 0.8}","{'tp': 2, 'fp': 0, 'fn': 1}","{'p': 0.4, 'r': 0.67, 'f1': 0.5}","{'tp': 2, 'fp': 3, 'fn': 1}","{'p': 0.4, 'r': 0.67, 'f1': 0.5}","{'tp': 2, 'fp': 3, 'fn': 1}"
36,NCT03953131,,gall|gallium ga 68 -,,,68ga-dotatate|gallium ga 68-dotatate,68ga-dotatate|gallium ga 68-dotatate,,"{'p': 0.0, 'r': 0.0, 'f1': 0}","{'tp': 0, 'fp': 2, 'fn': 1}","{'p': 0, 'r': 0, 'f1': 0}","{'tp': 0, 'fp': 0, 'fn': 0}","{'p': 0, 'r': 0, 'f1': 0}","{'tp': 0, 'fp': 0, 'fn': 0}","{'p': 0.0, 'r': 0.0, 'f1': 0}","{'tp': 0, 'fp': 2, 'fn': 1}","{'p': 0.0, 'r': 0.0, 'f1': 0}","{'tp': 0, 'fp': 2, 'fn': 1}","{'p': 0, 'r': 0, 'f1': 0}","{'tp': 0, 'fp': 0, 'fn': 0}","{'p': 0.0, 'r': 0.0, 'f1': 0}","{'tp': 0, 'fp': 2, 'fn': 1}","{'p': 0, 'r': 0, 'f1': 0}","{'tp': 0, 'fp': 0, 'fn': 0}","{'p': 0, 'r': 0, 'f1': 0}","{'tp': 0, 'fp': 0, 'fn': 0}","{'p': 0.0, 'r': 0.0, 'f1': 0}","{'tp': 0, 'fp': 2, 'fn': 1}","{'p': 0.0, 'r': 0.0, 'f1': 0}","{'tp': 0, 'fp': 2, 'fn': 1}","{'p': 0, 'r': 0, 'f1': 0}","{'tp': 0, 'fp': 0, 'fn': 0}"
37,NCT00300222,ngx-4010,ngx-4010,ngx-4010,ngx-4010,ngx-4010,ngx-4010,ngx-4010,"{'p': 1.0, 'r': 1.0, 'f1': 1.0}","{'tp': 1, 'fp': 0, 'fn': 0}","{'p': 1.0, 'r': 1.0, 'f1': 1.0}","{'tp': 1, 'fp': 0, 'fn': 0}","{'p': 1.0, 'r': 1.0, 'f1': 1.0}","{'tp': 1, 'fp': 0, 'fn': 0}","{'p': 1.0, 'r': 1.0, 'f1': 1.0}","{'tp': 1, 'fp': 0, 'fn': 0}","{'p': 1.0, 'r': 1.0, 'f1': 1.0}","{'tp': 1, 'fp': 0, 'fn': 0}","{'p': 1.0, 'r': 1.0, 'f1': 1.0}","{'tp': 1, 'fp': 0, 'fn': 0}","{'p': 1.0, 'r': 1.0, 'f1': 1.0}","{'tp': 1, 'fp': 0, 'fn': 0}","{'p': 1.0, 'r': 1.0, 'f1': 1.0}","{'tp': 1, 'fp': 0, 'fn': 0}","{'p': 1.0, 'r': 1.0, 'f1': 1.0}","{'tp': 1, 'fp': 0, 'fn': 0}","{'p': 1.0, 'r': 1.0, 'f1': 1.0}","{'tp': 1, 'fp': 0, 'fn': 0}","{'p': 1.0, 'r': 1.0, 'f1': 1.0}","{'tp': 1, 'fp': 0, 'fn': 0}","{'p': 1.0, 'r': 1.0, 'f1': 1.0}","{'tp': 1, 'fp': 0, 'fn': 0}"
38,NCT00247533,,,,,cabg|pci|ecg|eeg,,,"{'p': 0, 'r': 0, 'f1': 0}","{'tp': 0, 'fp': 0, 'fn': 0}","{'p': 0, 'r': 0, 'f1': 0}","{'tp': 0, 'fp': 0, 'fn': 0}","{'p': 0, 'r': 0, 'f1': 0}","{'tp': 0, 'fp': 0, 'fn': 0}","{'p': 0.0, 'r': 0.0, 'f1': 0}","{'tp': 0, 'fp': 4, 'fn': 1}","{'p': 0, 'r': 0, 'f1': 0}","{'tp': 0, 'fp': 0, 'fn': 0}","{'p': 0, 'r': 0, 'f1': 0}","{'tp': 0, 'fp': 0, 'fn': 0}","{'p': 0, 'r': 0, 'f1': 0}","{'tp': 0, 'fp': 0, 'fn': 0}","{'p': 0, 'r': 0, 'f1': 0}","{'tp': 0, 'fp': 0, 'fn': 0}","{'p': 0, 'r': 0, 'f1': 0}","{'tp': 0, 'fp': 0, 'fn': 0}","{'p': 0.0, 'r': 0.0, 'f1': 0}","{'tp': 0, 'fp': 4, 'fn': 1}","{'p': 0, 'r': 0, 'f1': 0}","{'tp': 0, 'fp': 0, 'fn': 0}","{'p': 0, 'r': 0, 'f1': 0}","{'tp': 0, 'fp': 0, 'fn': 0}"
39,NCT03317171,omega3s|flavonoids|icosapent|dha-|flavonoids-,omega3s -|dha -|icosapent,"flavonoids -, dha-and epa|omega3s-based compound|flavonoids",doconexent|omega3s|icosapent|flavonoids,flavonoidi|acidi grassi naturali,flavonoids|doconexent|icosapent,,"{'p': 0.33, 'r': 0.2, 'f1': 0.25}","{'tp': 1, 'fp': 2, 'fn': 4}","{'p': 0.33, 'r': 0.2, 'f1': 0.25}","{'tp': 1, 'fp': 2, 'fn': 4}","{'p': 0.75, 'r': 0.6, 'f1': 0.67}","{'tp': 3, 'fp': 1, 'fn': 2}","{'p': 0.0, 'r': 0.0, 'f1': 0}","{'tp': 0, 'fp': 2, 'fn': 5}","{'p': 0.67, 'r': 0.4, 'f1': 0.5}","{'tp': 2, 'fp': 1, 'fn': 3}","{'p': 0.0, 'r': 0.0, 'f1': 0}","{'tp': 0, 'fp': 1, 'fn': 5}","{'p': 0.67, 'r': 0.4, 'f1': 0.5}","{'tp': 2, 'fp': 1, 'fn': 3}","{'p': 0.5, 'r': 0.2, 'f1': 0.29}","{'tp': 1, 'fp': 1, 'fn': 4}","{'p': 0.75, 'r': 0.6, 'f1': 0.67}","{'tp': 3, 'fp': 1, 'fn': 2}","{'p': 0.0, 'r': 0.0, 'f1': 0}","{'tp': 0, 'fp': 2, 'fn': 5}","{'p': 0.67, 'r': 0.4, 'f1': 0.5}","{'tp': 2, 'fp': 1, 'fn': 3}","{'p': 0.0, 'r': 0.0, 'f1': 0}","{'tp': 0, 'fp': 1, 'fn': 5}"
40,NCT01829009,,,,,resistance exercise group|general recommendations group,,,"{'p': 0, 'r': 0, 'f1': 0}","{'tp': 0, 'fp': 0, 'fn': 0}","{'p': 0, 'r': 0, 'f1': 0}","{'tp': 0, 'fp': 0, 'fn': 0}","{'p': 0, 'r': 0, 'f1': 0}","{'tp': 0, 'fp': 0, 'fn': 0}","{'p': 0.0, 'r': 0.0, 'f1': 0}","{'tp': 0, 'fp': 2, 'fn': 1}","{'p': 0, 'r': 0, 'f1': 0}","{'tp': 0, 'fp': 0, 'fn': 0}","{'p': 0, 'r': 0, 'f1': 0}","{'tp': 0, 'fp': 0, 'fn': 0}","{'p': 0, 'r': 0, 'f1': 0}","{'tp': 0, 'fp': 0, 'fn': 0}","{'p': 0, 'r': 0, 'f1': 0}","{'tp': 0, 'fp': 0, 'fn': 0}","{'p': 0, 'r': 0, 'f1': 0}","{'tp': 0, 'fp': 0, 'fn': 0}","{'p': 0.0, 'r': 0.0, 'f1': 0}","{'tp': 0, 'fp': 2, 'fn': 1}","{'p': 0, 'r': 0, 'f1': 0}","{'tp': 0, 'fp': 0, 'fn': 0}","{'p': 0, 'r': 0, 'f1': 0}","{'tp': 0, 'fp': 0, 'fn': 0}"
41,NCT02899858,,,,,isms,,,"{'p': 0, 'r': 0, 'f1': 0}","{'tp': 0, 'fp': 0, 'fn': 0}","{'p': 0, 'r': 0, 'f1': 0}","{'tp': 0, 'fp': 0, 'fn': 0}","{'p': 0, 'r': 0, 'f1': 0}","{'tp': 0, 'fp': 0, 'fn': 0}","{'p': 0.0, 'r': 0.0, 'f1': 0}","{'tp': 0, 'fp': 1, 'fn': 1}","{'p': 0, 'r': 0, 'f1': 0}","{'tp': 0, 'fp': 0, 'fn': 0}","{'p': 0, 'r': 0, 'f1': 0}","{'tp': 0, 'fp': 0, 'fn': 0}","{'p': 0, 'r': 0, 'f1': 0}","{'tp': 0, 'fp': 0, 'fn': 0}","{'p': 0, 'r': 0, 'f1': 0}","{'tp': 0, 'fp': 0, 'fn': 0}","{'p': 0, 'r': 0, 'f1': 0}","{'tp': 0, 'fp': 0, 'fn': 0}","{'p': 0.0, 'r': 0.0, 'f1': 0}","{'tp': 0, 'fp': 1, 'fn': 1}","{'p': 0, 'r': 0, 'f1': 0}","{'tp': 0, 'fp': 0, 'fn': 0}","{'p': 0, 'r': 0, 'f1': 0}","{'tp': 0, 'fp': 0, 'fn': 0}"
42,NCT04709029,dexamethazzoe|bupivacaine|dexamethazone,heavy bupivacaine|heavy|dexamethazzoe|bupivacaine|dexamethazone,dexamethazzoe|bupivacaine|dexamethazone,bupivaca|heavy bupivacaine|dexamethazzoe|dexamethazone,intravenous dexamethazzoe 8 mg|intrathecal heavy bupivacaine 0.5%|intrathecal 4mg dexamethazone,dexamethazone|bupivacaine,dexamethasone intrathecal|dexamethasone intravenous,"{'p': 0.6, 'r': 1.0, 'f1': 0.75}","{'tp': 3, 'fp': 2, 'fn': 0}","{'p': 1.0, 'r': 1.0, 'f1': 1.0}","{'tp': 3, 'fp': 0, 'fn': 0}","{'p': 0.5, 'r': 0.67, 'f1': 0.57}","{'tp': 2, 'fp': 2, 'fn': 1}","{'p': 0.0, 'r': 0.0, 'f1': 0}","{'tp': 0, 'fp': 3, 'fn': 3}","{'p': 1.0, 'r': 0.67, 'f1': 0.8}","{'tp': 2, 'fp': 0, 'fn': 1}","{'p': 0.0, 'r': 0.0, 'f1': 0}","{'tp': 0, 'fp': 2, 'fn': 3}","{'p': 0.75, 'r': 1.0, 'f1': 0.86}","{'tp': 3, 'fp': 1, 'fn': 0}","{'p': 1.0, 'r': 1.0, 'f1': 1.0}","{'tp': 3, 'fp': 0, 'fn': 0}","{'p': 0.75, 'r': 1.0, 'f1': 0.86}","{'tp': 3, 'fp': 1, 'fn': 0}","{'p': 1.0, 'r': 1.0, 'f1': 1.0}","{'tp': 3, 'fp': 0, 'fn': 0}","{'p': 1.0, 'r': 0.67, 'f1': 0.8}","{'tp': 2, 'fp': 0, 'fn': 1}","{'p': 0.0, 'r': 0.0, 'f1': 0}","{'tp': 0, 'fp': 2, 'fn': 3}"
43,NCT00537940,pregabalin|gabapentin,pregabalin|pre|gabapentin,pregabalin|gabapentin,pregabalin|gabapentin,pregabalin|gabapentin,pregabalin|gabapentin,gabapentin|pregabalin,"{'p': 0.67, 'r': 1.0, 'f1': 0.8}","{'tp': 2, 'fp': 1, 'fn': 0}","{'p': 1.0, 'r': 1.0, 'f1': 1.0}","{'tp': 2, 'fp': 0, 'fn': 0}","{'p': 1.0, 'r': 1.0, 'f1': 1.0}","{'tp': 2, 'fp': 0, 'fn': 0}","{'p': 1.0, 'r': 1.0, 'f1': 1.0}","{'tp': 2, 'fp': 0, 'fn': 0}","{'p': 1.0, 'r': 1.0, 'f1': 1.0}","{'tp': 2, 'fp': 0, 'fn': 0}","{'p': 1.0, 'r': 1.0, 'f1': 1.0}","{'tp': 2, 'fp': 0, 'fn': 0}","{'p': 0.67, 'r': 1.0, 'f1': 0.8}","{'tp': 2, 'fp': 1, 'fn': 0}","{'p': 1.0, 'r': 1.0, 'f1': 1.0}","{'tp': 2, 'fp': 0, 'fn': 0}","{'p': 1.0, 'r': 1.0, 'f1': 1.0}","{'tp': 2, 'fp': 0, 'fn': 0}","{'p': 1.0, 'r': 1.0, 'f1': 1.0}","{'tp': 2, 'fp': 0, 'fn': 0}","{'p': 1.0, 'r': 1.0, 'f1': 1.0}","{'tp': 2, 'fp': 0, 'fn': 0}","{'p': 1.0, 'r': 1.0, 'f1': 1.0}","{'tp': 2, 'fp': 0, 'fn': 0}"
44,NCT02892097,,,,,tdcs|rtp,transcranial direct current stimulation|tdcs|repetitive task-specific practice|rtp,,"{'p': 0, 'r': 0, 'f1': 0}","{'tp': 0, 'fp': 0, 'fn': 0}","{'p': 0, 'r': 0, 'f1': 0}","{'tp': 0, 'fp': 0, 'fn': 0}","{'p': 0, 'r': 0, 'f1': 0}","{'tp': 0, 'fp': 0, 'fn': 0}","{'p': 0.0, 'r': 0.0, 'f1': 0}","{'tp': 0, 'fp': 2, 'fn': 1}","{'p': 0.0, 'r': 0.0, 'f1': 0}","{'tp': 0, 'fp': 4, 'fn': 1}","{'p': 0, 'r': 0, 'f1': 0}","{'tp': 0, 'fp': 0, 'fn': 0}","{'p': 0, 'r': 0, 'f1': 0}","{'tp': 0, 'fp': 0, 'fn': 0}","{'p': 0, 'r': 0, 'f1': 0}","{'tp': 0, 'fp': 0, 'fn': 0}","{'p': 0, 'r': 0, 'f1': 0}","{'tp': 0, 'fp': 0, 'fn': 0}","{'p': 0.0, 'r': 0.0, 'f1': 0}","{'tp': 0, 'fp': 2, 'fn': 1}","{'p': 0.0, 'r': 0.0, 'f1': 0}","{'tp': 0, 'fp': 4, 'fn': 1}","{'p': 0, 'r': 0, 'f1': 0}","{'tp': 0, 'fp': 0, 'fn': 0}"
45,NCT05539287,,pro|lactobacillus probiotic|lactobaci,,,lactobacillus probiotic,lactobacillus probiotic,lactobacillus-based capsule,"{'p': 0.0, 'r': 0.0, 'f1': 0}","{'tp': 0, 'fp': 3, 'fn': 1}","{'p': 0, 'r': 0, 'f1': 0}","{'tp': 0, 'fp': 0, 'fn': 0}","{'p': 0, 'r': 0, 'f1': 0}","{'tp': 0, 'fp': 0, 'fn': 0}","{'p': 0.0, 'r': 0.0, 'f1': 0}","{'tp': 0, 'fp': 1, 'fn': 1}","{'p': 0.0, 'r': 0.0, 'f1': 0}","{'tp': 0, 'fp': 1, 'fn': 1}","{'p': 0.0, 'r': 0.0, 'f1': 0}","{'tp': 0, 'fp': 1, 'fn': 1}","{'p': 0.0, 'r': 0.0, 'f1': 0}","{'tp': 0, 'fp': 3, 'fn': 1}","{'p': 0, 'r': 0, 'f1': 0}","{'tp': 0, 'fp': 0, 'fn': 0}","{'p': 0, 'r': 0, 'f1': 0}","{'tp': 0, 'fp': 0, 'fn': 0}","{'p': 0.0, 'r': 0.0, 'f1': 0}","{'tp': 0, 'fp': 1, 'fn': 1}","{'p': 0.0, 'r': 0.0, 'f1': 0}","{'tp': 0, 'fp': 1, 'fn': 1}","{'p': 0.0, 'r': 0.0, 'f1': 0}","{'tp': 0, 'fp': 1, 'fn': 1}"
46,NCT01726998,,lok,,,lokomat,,,"{'p': 0.0, 'r': 0.0, 'f1': 0}","{'tp': 0, 'fp': 1, 'fn': 1}","{'p': 0, 'r': 0, 'f1': 0}","{'tp': 0, 'fp': 0, 'fn': 0}","{'p': 0, 'r': 0, 'f1': 0}","{'tp': 0, 'fp': 0, 'fn': 0}","{'p': 0.0, 'r': 0.0, 'f1': 0}","{'tp': 0, 'fp': 1, 'fn': 1}","{'p': 0, 'r': 0, 'f1': 0}","{'tp': 0, 'fp': 0, 'fn': 0}","{'p': 0, 'r': 0, 'f1': 0}","{'tp': 0, 'fp': 0, 'fn': 0}","{'p': 0.0, 'r': 0.0, 'f1': 0}","{'tp': 0, 'fp': 1, 'fn': 1}","{'p': 0, 'r': 0, 'f1': 0}","{'tp': 0, 'fp': 0, 'fn': 0}","{'p': 0, 'r': 0, 'f1': 0}","{'tp': 0, 'fp': 0, 'fn': 0}","{'p': 0.0, 'r': 0.0, 'f1': 0}","{'tp': 0, 'fp': 1, 'fn': 1}","{'p': 0, 'r': 0, 'f1': 0}","{'tp': 0, 'fp': 0, 'fn': 0}","{'p': 0, 'r': 0, 'f1': 0}","{'tp': 0, 'fp': 0, 'fn': 0}"
47,NCT02583386,,,,,comprehensive fall prevention and detection in multiple sclerosis,,,"{'p': 0, 'r': 0, 'f1': 0}","{'tp': 0, 'fp': 0, 'fn': 0}","{'p': 0, 'r': 0, 'f1': 0}","{'tp': 0, 'fp': 0, 'fn': 0}","{'p': 0, 'r': 0, 'f1': 0}","{'tp': 0, 'fp': 0, 'fn': 0}","{'p': 0.0, 'r': 0.0, 'f1': 0}","{'tp': 0, 'fp': 1, 'fn': 1}","{'p': 0, 'r': 0, 'f1': 0}","{'tp': 0, 'fp': 0, 'fn': 0}","{'p': 0, 'r': 0, 'f1': 0}","{'tp': 0, 'fp': 0, 'fn': 0}","{'p': 0, 'r': 0, 'f1': 0}","{'tp': 0, 'fp': 0, 'fn': 0}","{'p': 0, 'r': 0, 'f1': 0}","{'tp': 0, 'fp': 0, 'fn': 0}","{'p': 0, 'r': 0, 'f1': 0}","{'tp': 0, 'fp': 0, 'fn': 0}","{'p': 0.0, 'r': 0.0, 'f1': 0}","{'tp': 0, 'fp': 1, 'fn': 1}","{'p': 0, 'r': 0, 'f1': 0}","{'tp': 0, 'fp': 0, 'fn': 0}","{'p': 0, 'r': 0, 'f1': 0}","{'tp': 0, 'fp': 0, 'fn': 0}"
48,NCT00248222,,,,,,,,"{'p': 0, 'r': 0, 'f1': 0}","{'tp': 0, 'fp': 0, 'fn': 0}","{'p': 0, 'r': 0, 'f1': 0}","{'tp': 0, 'fp': 0, 'fn': 0}","{'p': 0, 'r': 0, 'f1': 0}","{'tp': 0, 'fp': 0, 'fn': 0}","{'p': 0, 'r': 0, 'f1': 0}","{'tp': 0, 'fp': 0, 'fn': 0}","{'p': 0, 'r': 0, 'f1': 0}","{'tp': 0, 'fp': 0, 'fn': 0}","{'p': 0, 'r': 0, 'f1': 0}","{'tp': 0, 'fp': 0, 'fn': 0}","{'p': 0, 'r': 0, 'f1': 0}","{'tp': 0, 'fp': 0, 'fn': 0}","{'p': 0, 'r': 0, 'f1': 0}","{'tp': 0, 'fp': 0, 'fn': 0}","{'p': 0, 'r': 0, 'f1': 0}","{'tp': 0, 'fp': 0, 'fn': 0}","{'p': 0, 'r': 0, 'f1': 0}","{'tp': 0, 'fp': 0, 'fn': 0}","{'p': 0, 'r': 0, 'f1': 0}","{'tp': 0, 'fp': 0, 'fn': 0}","{'p': 0, 'r': 0, 'f1': 0}","{'tp': 0, 'fp': 0, 'fn': 0}"
49,NCT01732289,,,,,,,,"{'p': 0, 'r': 0, 'f1': 0}","{'tp': 0, 'fp': 0, 'fn': 0}","{'p': 0, 'r': 0, 'f1': 0}","{'tp': 0, 'fp': 0, 'fn': 0}","{'p': 0, 'r': 0, 'f1': 0}","{'tp': 0, 'fp': 0, 'fn': 0}","{'p': 0, 'r': 0, 'f1': 0}","{'tp': 0, 'fp': 0, 'fn': 0}","{'p': 0, 'r': 0, 'f1': 0}","{'tp': 0, 'fp': 0, 'fn': 0}","{'p': 0, 'r': 0, 'f1': 0}","{'tp': 0, 'fp': 0, 'fn': 0}","{'p': 0, 'r': 0, 'f1': 0}","{'tp': 0, 'fp': 0, 'fn': 0}","{'p': 0, 'r': 0, 'f1': 0}","{'tp': 0, 'fp': 0, 'fn': 0}","{'p': 0, 'r': 0, 'f1': 0}","{'tp': 0, 'fp': 0, 'fn': 0}","{'p': 0, 'r': 0, 'f1': 0}","{'tp': 0, 'fp': 0, 'fn': 0}","{'p': 0, 'r': 0, 'f1': 0}","{'tp': 0, 'fp': 0, 'fn': 0}","{'p': 0, 'r': 0, 'f1': 0}","{'tp': 0, 'fp': 0, 'fn': 0}"
50,NCT05527587,,,,,,,,"{'p': 0, 'r': 0, 'f1': 0}","{'tp': 0, 'fp': 0, 'fn': 0}","{'p': 0, 'r': 0, 'f1': 0}","{'tp': 0, 'fp': 0, 'fn': 0}","{'p': 0, 'r': 0, 'f1': 0}","{'tp': 0, 'fp': 0, 'fn': 0}","{'p': 0, 'r': 0, 'f1': 0}","{'tp': 0, 'fp': 0, 'fn': 0}","{'p': 0, 'r': 0, 'f1': 0}","{'tp': 0, 'fp': 0, 'fn': 0}","{'p': 0, 'r': 0, 'f1': 0}","{'tp': 0, 'fp': 0, 'fn': 0}","{'p': 0, 'r': 0, 'f1': 0}","{'tp': 0, 'fp': 0, 'fn': 0}","{'p': 0, 'r': 0, 'f1': 0}","{'tp': 0, 'fp': 0, 'fn': 0}","{'p': 0, 'r': 0, 'f1': 0}","{'tp': 0, 'fp': 0, 'fn': 0}","{'p': 0, 'r': 0, 'f1': 0}","{'tp': 0, 'fp': 0, 'fn': 0}","{'p': 0, 'r': 0, 'f1': 0}","{'tp': 0, 'fp': 0, 'fn': 0}","{'p': 0, 'r': 0, 'f1': 0}","{'tp': 0, 'fp': 0, 'fn': 0}"
51,NCT05622396,,,,,mindfulness based stress reduction (mbsr),,,"{'p': 0, 'r': 0, 'f1': 0}","{'tp': 0, 'fp': 0, 'fn': 0}","{'p': 0, 'r': 0, 'f1': 0}","{'tp': 0, 'fp': 0, 'fn': 0}","{'p': 0, 'r': 0, 'f1': 0}","{'tp': 0, 'fp': 0, 'fn': 0}","{'p': 0.0, 'r': 0.0, 'f1': 0}","{'tp': 0, 'fp': 1, 'fn': 1}","{'p': 0, 'r': 0, 'f1': 0}","{'tp': 0, 'fp': 0, 'fn': 0}","{'p': 0, 'r': 0, 'f1': 0}","{'tp': 0, 'fp': 0, 'fn': 0}","{'p': 0, 'r': 0, 'f1': 0}","{'tp': 0, 'fp': 0, 'fn': 0}","{'p': 0, 'r': 0, 'f1': 0}","{'tp': 0, 'fp': 0, 'fn': 0}","{'p': 0, 'r': 0, 'f1': 0}","{'tp': 0, 'fp': 0, 'fn': 0}","{'p': 0.0, 'r': 0.0, 'f1': 0}","{'tp': 0, 'fp': 1, 'fn': 1}","{'p': 0, 'r': 0, 'f1': 0}","{'tp': 0, 'fp': 0, 'fn': 0}","{'p': 0, 'r': 0, 'f1': 0}","{'tp': 0, 'fp': 0, 'fn': 0}"
52,NCT02462629,blz-100,blz-100,blz-100,blz-100,blz-100,blz-100,blz-100,"{'p': 1.0, 'r': 1.0, 'f1': 1.0}","{'tp': 1, 'fp': 0, 'fn': 0}","{'p': 1.0, 'r': 1.0, 'f1': 1.0}","{'tp': 1, 'fp': 0, 'fn': 0}","{'p': 1.0, 'r': 1.0, 'f1': 1.0}","{'tp': 1, 'fp': 0, 'fn': 0}","{'p': 1.0, 'r': 1.0, 'f1': 1.0}","{'tp': 1, 'fp': 0, 'fn': 0}","{'p': 1.0, 'r': 1.0, 'f1': 1.0}","{'tp': 1, 'fp': 0, 'fn': 0}","{'p': 1.0, 'r': 1.0, 'f1': 1.0}","{'tp': 1, 'fp': 0, 'fn': 0}","{'p': 1.0, 'r': 1.0, 'f1': 1.0}","{'tp': 1, 'fp': 0, 'fn': 0}","{'p': 1.0, 'r': 1.0, 'f1': 1.0}","{'tp': 1, 'fp': 0, 'fn': 0}","{'p': 1.0, 'r': 1.0, 'f1': 1.0}","{'tp': 1, 'fp': 0, 'fn': 0}","{'p': 1.0, 'r': 1.0, 'f1': 1.0}","{'tp': 1, 'fp': 0, 'fn': 0}","{'p': 1.0, 'r': 1.0, 'f1': 1.0}","{'tp': 1, 'fp': 0, 'fn': 0}","{'p': 1.0, 'r': 1.0, 'f1': 1.0}","{'tp': 1, 'fp': 0, 'fn': 0}"
53,NCT01966172,,,,,multimodal opiate-sparing analgesia|traditional opiate based analgesia|analgesic medication|conventionel opiod analgesia,,gabapentin|ibuprofen|morphine|paracetamol|acetaminophen,"{'p': 0, 'r': 0, 'f1': 0}","{'tp': 0, 'fp': 0, 'fn': 0}","{'p': 0, 'r': 0, 'f1': 0}","{'tp': 0, 'fp': 0, 'fn': 0}","{'p': 0, 'r': 0, 'f1': 0}","{'tp': 0, 'fp': 0, 'fn': 0}","{'p': 0.0, 'r': 0.0, 'f1': 0}","{'tp': 0, 'fp': 4, 'fn': 1}","{'p': 0, 'r': 0, 'f1': 0}","{'tp': 0, 'fp': 0, 'fn': 0}","{'p': 0.0, 'r': 0.0, 'f1': 0}","{'tp': 0, 'fp': 5, 'fn': 1}","{'p': 0, 'r': 0, 'f1': 0}","{'tp': 0, 'fp': 0, 'fn': 0}","{'p': 0, 'r': 0, 'f1': 0}","{'tp': 0, 'fp': 0, 'fn': 0}","{'p': 0, 'r': 0, 'f1': 0}","{'tp': 0, 'fp': 0, 'fn': 0}","{'p': 0.0, 'r': 0.0, 'f1': 0}","{'tp': 0, 'fp': 4, 'fn': 1}","{'p': 0, 'r': 0, 'f1': 0}","{'tp': 0, 'fp': 0, 'fn': 0}","{'p': 0.0, 'r': 0.0, 'f1': 0}","{'tp': 0, 'fp': 5, 'fn': 1}"
54,NCT03119246,,,,,repair-hd|capit-hd beta|capit-hd2|capit-hd|hd,,,"{'p': 0, 'r': 0, 'f1': 0}","{'tp': 0, 'fp': 0, 'fn': 0}","{'p': 0, 'r': 0, 'f1': 0}","{'tp': 0, 'fp': 0, 'fn': 0}","{'p': 0, 'r': 0, 'f1': 0}","{'tp': 0, 'fp': 0, 'fn': 0}","{'p': 0.0, 'r': 0.0, 'f1': 0}","{'tp': 0, 'fp': 5, 'fn': 1}","{'p': 0, 'r': 0, 'f1': 0}","{'tp': 0, 'fp': 0, 'fn': 0}","{'p': 0, 'r': 0, 'f1': 0}","{'tp': 0, 'fp': 0, 'fn': 0}","{'p': 0, 'r': 0, 'f1': 0}","{'tp': 0, 'fp': 0, 'fn': 0}","{'p': 0, 'r': 0, 'f1': 0}","{'tp': 0, 'fp': 0, 'fn': 0}","{'p': 0, 'r': 0, 'f1': 0}","{'tp': 0, 'fp': 0, 'fn': 0}","{'p': 0.0, 'r': 0.0, 'f1': 0}","{'tp': 0, 'fp': 5, 'fn': 1}","{'p': 0, 'r': 0, 'f1': 0}","{'tp': 0, 'fp': 0, 'fn': 0}","{'p': 0, 'r': 0, 'f1': 0}","{'tp': 0, 'fp': 0, 'fn': 0}"
55,NCT02571335,,,,,cytokines|neurotrophic factors|brain-derived neurotrophic factor (bdnf)|exercise,,,"{'p': 0, 'r': 0, 'f1': 0}","{'tp': 0, 'fp': 0, 'fn': 0}","{'p': 0, 'r': 0, 'f1': 0}","{'tp': 0, 'fp': 0, 'fn': 0}","{'p': 0, 'r': 0, 'f1': 0}","{'tp': 0, 'fp': 0, 'fn': 0}","{'p': 0.0, 'r': 0.0, 'f1': 0}","{'tp': 0, 'fp': 4, 'fn': 1}","{'p': 0, 'r': 0, 'f1': 0}","{'tp': 0, 'fp': 0, 'fn': 0}","{'p': 0, 'r': 0, 'f1': 0}","{'tp': 0, 'fp': 0, 'fn': 0}","{'p': 0, 'r': 0, 'f1': 0}","{'tp': 0, 'fp': 0, 'fn': 0}","{'p': 0, 'r': 0, 'f1': 0}","{'tp': 0, 'fp': 0, 'fn': 0}","{'p': 0, 'r': 0, 'f1': 0}","{'tp': 0, 'fp': 0, 'fn': 0}","{'p': 0.0, 'r': 0.0, 'f1': 0}","{'tp': 0, 'fp': 4, 'fn': 1}","{'p': 0, 'r': 0, 'f1': 0}","{'tp': 0, 'fp': 0, 'fn': 0}","{'p': 0, 'r': 0, 'f1': 0}","{'tp': 0, 'fp': 0, 'fn': 0}"
56,NCT01090934,,,,,,,,"{'p': 0, 'r': 0, 'f1': 0}","{'tp': 0, 'fp': 0, 'fn': 0}","{'p': 0, 'r': 0, 'f1': 0}","{'tp': 0, 'fp': 0, 'fn': 0}","{'p': 0, 'r': 0, 'f1': 0}","{'tp': 0, 'fp': 0, 'fn': 0}","{'p': 0, 'r': 0, 'f1': 0}","{'tp': 0, 'fp': 0, 'fn': 0}","{'p': 0, 'r': 0, 'f1': 0}","{'tp': 0, 'fp': 0, 'fn': 0}","{'p': 0, 'r': 0, 'f1': 0}","{'tp': 0, 'fp': 0, 'fn': 0}","{'p': 0, 'r': 0, 'f1': 0}","{'tp': 0, 'fp': 0, 'fn': 0}","{'p': 0, 'r': 0, 'f1': 0}","{'tp': 0, 'fp': 0, 'fn': 0}","{'p': 0, 'r': 0, 'f1': 0}","{'tp': 0, 'fp': 0, 'fn': 0}","{'p': 0, 'r': 0, 'f1': 0}","{'tp': 0, 'fp': 0, 'fn': 0}","{'p': 0, 'r': 0, 'f1': 0}","{'tp': 0, 'fp': 0, 'fn': 0}","{'p': 0, 'r': 0, 'f1': 0}","{'tp': 0, 'fp': 0, 'fn': 0}"
57,NCT00216502,galantamine,galantamine,galantamine,galantamine,galantamine,galantamine,galantamine hydrobromide,"{'p': 1.0, 'r': 1.0, 'f1': 1.0}","{'tp': 1, 'fp': 0, 'fn': 0}","{'p': 1.0, 'r': 1.0, 'f1': 1.0}","{'tp': 1, 'fp': 0, 'fn': 0}","{'p': 1.0, 'r': 1.0, 'f1': 1.0}","{'tp': 1, 'fp': 0, 'fn': 0}","{'p': 1.0, 'r': 1.0, 'f1': 1.0}","{'tp': 1, 'fp': 0, 'fn': 0}","{'p': 1.0, 'r': 1.0, 'f1': 1.0}","{'tp': 1, 'fp': 0, 'fn': 0}","{'p': 0.0, 'r': 0.0, 'f1': 0}","{'tp': 0, 'fp': 1, 'fn': 1}","{'p': 1.0, 'r': 1.0, 'f1': 1.0}","{'tp': 1, 'fp': 0, 'fn': 0}","{'p': 1.0, 'r': 1.0, 'f1': 1.0}","{'tp': 1, 'fp': 0, 'fn': 0}","{'p': 1.0, 'r': 1.0, 'f1': 1.0}","{'tp': 1, 'fp': 0, 'fn': 0}","{'p': 1.0, 'r': 1.0, 'f1': 1.0}","{'tp': 1, 'fp': 0, 'fn': 0}","{'p': 1.0, 'r': 1.0, 'f1': 1.0}","{'tp': 1, 'fp': 0, 'fn': 0}","{'p': 1.0, 'r': 1.0, 'f1': 1.0}","{'tp': 1, 'fp': 0, 'fn': 0}"
58,NCT03386669,,,,,18f-thk5351|psp|cbs|nft|pd,18f-thk5351,f-18,"{'p': 0, 'r': 0, 'f1': 0}","{'tp': 0, 'fp': 0, 'fn': 0}","{'p': 0, 'r': 0, 'f1': 0}","{'tp': 0, 'fp': 0, 'fn': 0}","{'p': 0, 'r': 0, 'f1': 0}","{'tp': 0, 'fp': 0, 'fn': 0}","{'p': 0.0, 'r': 0.0, 'f1': 0}","{'tp': 0, 'fp': 5, 'fn': 1}","{'p': 0.0, 'r': 0.0, 'f1': 0}","{'tp': 0, 'fp': 1, 'fn': 1}","{'p': 0.0, 'r': 0.0, 'f1': 0}","{'tp': 0, 'fp': 1, 'fn': 1}","{'p': 0, 'r': 0, 'f1': 0}","{'tp': 0, 'fp': 0, 'fn': 0}","{'p': 0, 'r': 0, 'f1': 0}","{'tp': 0, 'fp': 0, 'fn': 0}","{'p': 0, 'r': 0, 'f1': 0}","{'tp': 0, 'fp': 0, 'fn': 0}","{'p': 0.0, 'r': 0.0, 'f1': 0}","{'tp': 0, 'fp': 5, 'fn': 1}","{'p': 0.0, 'r': 0.0, 'f1': 0}","{'tp': 0, 'fp': 1, 'fn': 1}","{'p': 0.0, 'r': 0.0, 'f1': 0}","{'tp': 0, 'fp': 1, 'fn': 1}"
59,NCT02976766,gypenosides,gypenosides,gypenosides,gypenosides,gypenosides,gypenosides,gypenosides,"{'p': 1.0, 'r': 1.0, 'f1': 1.0}","{'tp': 1, 'fp': 0, 'fn': 0}","{'p': 1.0, 'r': 1.0, 'f1': 1.0}","{'tp': 1, 'fp': 0, 'fn': 0}","{'p': 1.0, 'r': 1.0, 'f1': 1.0}","{'tp': 1, 'fp': 0, 'fn': 0}","{'p': 1.0, 'r': 1.0, 'f1': 1.0}","{'tp': 1, 'fp': 0, 'fn': 0}","{'p': 1.0, 'r': 1.0, 'f1': 1.0}","{'tp': 1, 'fp': 0, 'fn': 0}","{'p': 1.0, 'r': 1.0, 'f1': 1.0}","{'tp': 1, 'fp': 0, 'fn': 0}","{'p': 1.0, 'r': 1.0, 'f1': 1.0}","{'tp': 1, 'fp': 0, 'fn': 0}","{'p': 1.0, 'r': 1.0, 'f1': 1.0}","{'tp': 1, 'fp': 0, 'fn': 0}","{'p': 1.0, 'r': 1.0, 'f1': 1.0}","{'tp': 1, 'fp': 0, 'fn': 0}","{'p': 1.0, 'r': 1.0, 'f1': 1.0}","{'tp': 1, 'fp': 0, 'fn': 0}","{'p': 1.0, 'r': 1.0, 'f1': 1.0}","{'tp': 1, 'fp': 0, 'fn': 0}","{'p': 1.0, 'r': 1.0, 'f1': 1.0}","{'tp': 1, 'fp': 0, 'fn': 0}"
60,NCT00665223,acr16,acr16,acr16,acr16,acr16|placebo,acr16|placebo,acr16,"{'p': 1.0, 'r': 1.0, 'f1': 1.0}","{'tp': 1, 'fp': 0, 'fn': 0}","{'p': 1.0, 'r': 1.0, 'f1': 1.0}","{'tp': 1, 'fp': 0, 'fn': 0}","{'p': 1.0, 'r': 1.0, 'f1': 1.0}","{'tp': 1, 'fp': 0, 'fn': 0}","{'p': 0.5, 'r': 1.0, 'f1': 0.67}","{'tp': 1, 'fp': 1, 'fn': 0}","{'p': 0.5, 'r': 1.0, 'f1': 0.67}","{'tp': 1, 'fp': 1, 'fn': 0}","{'p': 1.0, 'r': 1.0, 'f1': 1.0}","{'tp': 1, 'fp': 0, 'fn': 0}","{'p': 1.0, 'r': 1.0, 'f1': 1.0}","{'tp': 1, 'fp': 0, 'fn': 0}","{'p': 1.0, 'r': 1.0, 'f1': 1.0}","{'tp': 1, 'fp': 0, 'fn': 0}","{'p': 1.0, 'r': 1.0, 'f1': 1.0}","{'tp': 1, 'fp': 0, 'fn': 0}","{'p': 0.5, 'r': 1.0, 'f1': 0.67}","{'tp': 1, 'fp': 1, 'fn': 0}","{'p': 0.5, 'r': 1.0, 'f1': 0.67}","{'tp': 1, 'fp': 1, 'fn': 0}","{'p': 1.0, 'r': 1.0, 'f1': 1.0}","{'tp': 1, 'fp': 0, 'fn': 0}"
61,NCT02474407,diazepam|diazepam,diazepam rec|diazepam|diazepam|drg|diastat®,dzns|diazepam|diazepam|drg,dzns|diazepam|diazepam,diazepam nasal spray|diazepam rectal gel (diastat®),diazepam nasal spray|diazepam rectal gel|diazepam|dzns|drg,diazepam nasal spray|diazepam rectal gel,"{'p': 0.25, 'r': 1.0, 'f1': 0.4}","{'tp': 1, 'fp': 3, 'fn': 0}","{'p': 0.33, 'r': 1.0, 'f1': 0.5}","{'tp': 1, 'fp': 2, 'fn': 0}","{'p': 0.5, 'r': 1.0, 'f1': 0.67}","{'tp': 1, 'fp': 1, 'fn': 0}","{'p': 0.0, 'r': 0.0, 'f1': 0}","{'tp': 0, 'fp': 2, 'fn': 1}","{'p': 0.2, 'r': 1.0, 'f1': 0.33}","{'tp': 1, 'fp': 4, 'fn': 0}","{'p': 0.0, 'r': 0.0, 'f1': 0}","{'tp': 0, 'fp': 2, 'fn': 1}","{'p': 0.33, 'r': 1.0, 'f1': 0.5}","{'tp': 1, 'fp': 2, 'fn': 0}","{'p': 0.33, 'r': 1.0, 'f1': 0.5}","{'tp': 1, 'fp': 2, 'fn': 0}","{'p': 0.5, 'r': 1.0, 'f1': 0.67}","{'tp': 1, 'fp': 1, 'fn': 0}","{'p': 1.0, 'r': 1.0, 'f1': 1.0}","{'tp': 1, 'fp': 0, 'fn': 0}","{'p': 0.33, 'r': 1.0, 'f1': 0.5}","{'tp': 1, 'fp': 2, 'fn': 0}","{'p': 1.0, 'r': 1.0, 'f1': 1.0}","{'tp': 1, 'fp': 0, 'fn': 0}"
62,NCT00183625,olanzapine|risperidone,,olanzapine|risperidone,olanzapine,risperidone|olanzapine,risperidone|olanzapine,individual placement and support (supported employment)|olanzapine|risperidone|social skills training,"{'p': 0.0, 'r': 0.0, 'f1': 0}","{'tp': 0, 'fp': 1, 'fn': 2}","{'p': 1.0, 'r': 1.0, 'f1': 1.0}","{'tp': 2, 'fp': 0, 'fn': 0}","{'p': 1.0, 'r': 0.5, 'f1': 0.67}","{'tp': 1, 'fp': 0, 'fn': 1}","{'p': 1.0, 'r': 1.0, 'f1': 1.0}","{'tp': 2, 'fp': 0, 'fn': 0}","{'p': 1.0, 'r': 1.0, 'f1': 1.0}","{'tp': 2, 'fp': 0, 'fn': 0}","{'p': 0.5, 'r': 1.0, 'f1': 0.67}","{'tp': 2, 'fp': 2, 'fn': 0}","{'p': 0.0, 'r': 0.0, 'f1': 0}","{'tp': 0, 'fp': 1, 'fn': 2}","{'p': 1.0, 'r': 1.0, 'f1': 1.0}","{'tp': 2, 'fp': 0, 'fn': 0}","{'p': 1.0, 'r': 0.5, 'f1': 0.67}","{'tp': 1, 'fp': 0, 'fn': 1}","{'p': 1.0, 'r': 1.0, 'f1': 1.0}","{'tp': 2, 'fp': 0, 'fn': 0}","{'p': 1.0, 'r': 1.0, 'f1': 1.0}","{'tp': 2, 'fp': 0, 'fn': 0}","{'p': 0.5, 'r': 1.0, 'f1': 0.67}","{'tp': 2, 'fp': 2, 'fn': 0}"
63,NCT05696665,,chamomile|saffron,,chamo|saffron,saffron|chamomile,saffron|chamomile,crocin and apigenin|saffron and chamomile|conventional therapy,"{'p': 0.0, 'r': 0.0, 'f1': 0}","{'tp': 0, 'fp': 2, 'fn': 1}","{'p': 0, 'r': 0, 'f1': 0}","{'tp': 0, 'fp': 0, 'fn': 0}","{'p': 0.0, 'r': 0.0, 'f1': 0}","{'tp': 0, 'fp': 2, 'fn': 1}","{'p': 0.0, 'r': 0.0, 'f1': 0}","{'tp': 0, 'fp': 2, 'fn': 1}","{'p': 0.0, 'r': 0.0, 'f1': 0}","{'tp': 0, 'fp': 2, 'fn': 1}","{'p': 0.0, 'r': 0.0, 'f1': 0}","{'tp': 0, 'fp': 3, 'fn': 1}","{'p': 0.0, 'r': 0.0, 'f1': 0}","{'tp': 0, 'fp': 2, 'fn': 1}","{'p': 0, 'r': 0, 'f1': 0}","{'tp': 0, 'fp': 0, 'fn': 0}","{'p': 0.0, 'r': 0.0, 'f1': 0}","{'tp': 0, 'fp': 2, 'fn': 1}","{'p': 0.0, 'r': 0.0, 'f1': 0}","{'tp': 0, 'fp': 2, 'fn': 1}","{'p': 0.0, 'r': 0.0, 'f1': 0}","{'tp': 0, 'fp': 2, 'fn': 1}","{'p': 0.0, 'r': 0.0, 'f1': 0}","{'tp': 0, 'fp': 3, 'fn': 1}"
64,NCT05606653,,,,,,,,"{'p': 0, 'r': 0, 'f1': 0}","{'tp': 0, 'fp': 0, 'fn': 0}","{'p': 0, 'r': 0, 'f1': 0}","{'tp': 0, 'fp': 0, 'fn': 0}","{'p': 0, 'r': 0, 'f1': 0}","{'tp': 0, 'fp': 0, 'fn': 0}","{'p': 0, 'r': 0, 'f1': 0}","{'tp': 0, 'fp': 0, 'fn': 0}","{'p': 0, 'r': 0, 'f1': 0}","{'tp': 0, 'fp': 0, 'fn': 0}","{'p': 0, 'r': 0, 'f1': 0}","{'tp': 0, 'fp': 0, 'fn': 0}","{'p': 0, 'r': 0, 'f1': 0}","{'tp': 0, 'fp': 0, 'fn': 0}","{'p': 0, 'r': 0, 'f1': 0}","{'tp': 0, 'fp': 0, 'fn': 0}","{'p': 0, 'r': 0, 'f1': 0}","{'tp': 0, 'fp': 0, 'fn': 0}","{'p': 0, 'r': 0, 'f1': 0}","{'tp': 0, 'fp': 0, 'fn': 0}","{'p': 0, 'r': 0, 'f1': 0}","{'tp': 0, 'fp': 0, 'fn': 0}","{'p': 0, 'r': 0, 'f1': 0}","{'tp': 0, 'fp': 0, 'fn': 0}"
65,NCT01865721,entonox,enton|entonox,entonox,entonox,entonox,entonox,entonox,"{'p': 0.5, 'r': 1.0, 'f1': 0.67}","{'tp': 1, 'fp': 1, 'fn': 0}","{'p': 1.0, 'r': 1.0, 'f1': 1.0}","{'tp': 1, 'fp': 0, 'fn': 0}","{'p': 1.0, 'r': 1.0, 'f1': 1.0}","{'tp': 1, 'fp': 0, 'fn': 0}","{'p': 1.0, 'r': 1.0, 'f1': 1.0}","{'tp': 1, 'fp': 0, 'fn': 0}","{'p': 1.0, 'r': 1.0, 'f1': 1.0}","{'tp': 1, 'fp': 0, 'fn': 0}","{'p': 1.0, 'r': 1.0, 'f1': 1.0}","{'tp': 1, 'fp': 0, 'fn': 0}","{'p': 0.5, 'r': 1.0, 'f1': 0.67}","{'tp': 1, 'fp': 1, 'fn': 0}","{'p': 1.0, 'r': 1.0, 'f1': 1.0}","{'tp': 1, 'fp': 0, 'fn': 0}","{'p': 1.0, 'r': 1.0, 'f1': 1.0}","{'tp': 1, 'fp': 0, 'fn': 0}","{'p': 1.0, 'r': 1.0, 'f1': 1.0}","{'tp': 1, 'fp': 0, 'fn': 0}","{'p': 1.0, 'r': 1.0, 'f1': 1.0}","{'tp': 1, 'fp': 0, 'fn': 0}","{'p': 1.0, 'r': 1.0, 'f1': 1.0}","{'tp': 1, 'fp': 0, 'fn': 0}"
66,NCT01866384,,,,,targeted temperature management|temperature|hypothermia|ultra-early protocol|active temperature modulation|targeted temperature management|mild induced hypothermia|mih|systemic and local inflammatory responses|ttm|hg|cerebral edema|iph,,,"{'p': 0, 'r': 0, 'f1': 0}","{'tp': 0, 'fp': 0, 'fn': 0}","{'p': 0, 'r': 0, 'f1': 0}","{'tp': 0, 'fp': 0, 'fn': 0}","{'p': 0, 'r': 0, 'f1': 0}","{'tp': 0, 'fp': 0, 'fn': 0}","{'p': 0.0, 'r': 0.0, 'f1': 0}","{'tp': 0, 'fp': 12, 'fn': 1}","{'p': 0, 'r': 0, 'f1': 0}","{'tp': 0, 'fp': 0, 'fn': 0}","{'p': 0, 'r': 0, 'f1': 0}","{'tp': 0, 'fp': 0, 'fn': 0}","{'p': 0, 'r': 0, 'f1': 0}","{'tp': 0, 'fp': 0, 'fn': 0}","{'p': 0, 'r': 0, 'f1': 0}","{'tp': 0, 'fp': 0, 'fn': 0}","{'p': 0, 'r': 0, 'f1': 0}","{'tp': 0, 'fp': 0, 'fn': 0}","{'p': 0.0, 'r': 0.0, 'f1': 0}","{'tp': 0, 'fp': 12, 'fn': 1}","{'p': 0, 'r': 0, 'f1': 0}","{'tp': 0, 'fp': 0, 'fn': 0}","{'p': 0, 'r': 0, 'f1': 0}","{'tp': 0, 'fp': 0, 'fn': 0}"
67,NCT03621878,,,,,slider|tensioner,,,"{'p': 0, 'r': 0, 'f1': 0}","{'tp': 0, 'fp': 0, 'fn': 0}","{'p': 0, 'r': 0, 'f1': 0}","{'tp': 0, 'fp': 0, 'fn': 0}","{'p': 0, 'r': 0, 'f1': 0}","{'tp': 0, 'fp': 0, 'fn': 0}","{'p': 0.0, 'r': 0.0, 'f1': 0}","{'tp': 0, 'fp': 2, 'fn': 1}","{'p': 0, 'r': 0, 'f1': 0}","{'tp': 0, 'fp': 0, 'fn': 0}","{'p': 0, 'r': 0, 'f1': 0}","{'tp': 0, 'fp': 0, 'fn': 0}","{'p': 0, 'r': 0, 'f1': 0}","{'tp': 0, 'fp': 0, 'fn': 0}","{'p': 0, 'r': 0, 'f1': 0}","{'tp': 0, 'fp': 0, 'fn': 0}","{'p': 0, 'r': 0, 'f1': 0}","{'tp': 0, 'fp': 0, 'fn': 0}","{'p': 0.0, 'r': 0.0, 'f1': 0}","{'tp': 0, 'fp': 2, 'fn': 1}","{'p': 0, 'r': 0, 'f1': 0}","{'tp': 0, 'fp': 0, 'fn': 0}","{'p': 0, 'r': 0, 'f1': 0}","{'tp': 0, 'fp': 0, 'fn': 0}"
68,NCT04241679,,,,,auditory nerve test system (ants)|cochlear implant,,,"{'p': 0, 'r': 0, 'f1': 0}","{'tp': 0, 'fp': 0, 'fn': 0}","{'p': 0, 'r': 0, 'f1': 0}","{'tp': 0, 'fp': 0, 'fn': 0}","{'p': 0, 'r': 0, 'f1': 0}","{'tp': 0, 'fp': 0, 'fn': 0}","{'p': 0.0, 'r': 0.0, 'f1': 0}","{'tp': 0, 'fp': 2, 'fn': 1}","{'p': 0, 'r': 0, 'f1': 0}","{'tp': 0, 'fp': 0, 'fn': 0}","{'p': 0, 'r': 0, 'f1': 0}","{'tp': 0, 'fp': 0, 'fn': 0}","{'p': 0, 'r': 0, 'f1': 0}","{'tp': 0, 'fp': 0, 'fn': 0}","{'p': 0, 'r': 0, 'f1': 0}","{'tp': 0, 'fp': 0, 'fn': 0}","{'p': 0, 'r': 0, 'f1': 0}","{'tp': 0, 'fp': 0, 'fn': 0}","{'p': 0.0, 'r': 0.0, 'f1': 0}","{'tp': 0, 'fp': 2, 'fn': 1}","{'p': 0, 'r': 0, 'f1': 0}","{'tp': 0, 'fp': 0, 'fn': 0}","{'p': 0, 'r': 0, 'f1': 0}","{'tp': 0, 'fp': 0, 'fn': 0}"
69,NCT00370838,levetiracetam|clonidine|levetiracetam,levetiracetam|clonidine,levetiracetam|clonidine|levetiracetam,levetiracetam|clonidine|levetiracetam,levetiracetam|clonidine,levetiracetam|clonidine|levetiracetam,clonidine|levetiracetam,"{'p': 1.0, 'r': 1.0, 'f1': 1.0}","{'tp': 2, 'fp': 0, 'fn': 0}","{'p': 1.0, 'r': 1.0, 'f1': 1.0}","{'tp': 2, 'fp': 0, 'fn': 0}","{'p': 1.0, 'r': 1.0, 'f1': 1.0}","{'tp': 2, 'fp': 0, 'fn': 0}","{'p': 1.0, 'r': 1.0, 'f1': 1.0}","{'tp': 2, 'fp': 0, 'fn': 0}","{'p': 1.0, 'r': 1.0, 'f1': 1.0}","{'tp': 2, 'fp': 0, 'fn': 0}","{'p': 1.0, 'r': 1.0, 'f1': 1.0}","{'tp': 2, 'fp': 0, 'fn': 0}","{'p': 1.0, 'r': 1.0, 'f1': 1.0}","{'tp': 2, 'fp': 0, 'fn': 0}","{'p': 1.0, 'r': 1.0, 'f1': 1.0}","{'tp': 2, 'fp': 0, 'fn': 0}","{'p': 1.0, 'r': 1.0, 'f1': 1.0}","{'tp': 2, 'fp': 0, 'fn': 0}","{'p': 1.0, 'r': 1.0, 'f1': 1.0}","{'tp': 2, 'fp': 0, 'fn': 0}","{'p': 1.0, 'r': 1.0, 'f1': 1.0}","{'tp': 2, 'fp': 0, 'fn': 0}","{'p': 1.0, 'r': 1.0, 'f1': 1.0}","{'tp': 2, 'fp': 0, 'fn': 0}"
70,NCT04164810,,,,,hydrotherapy|standard physical therapy|fibromyalgia|chronic lumbar pain,hydrotherapy,,"{'p': 0, 'r': 0, 'f1': 0}","{'tp': 0, 'fp': 0, 'fn': 0}","{'p': 0, 'r': 0, 'f1': 0}","{'tp': 0, 'fp': 0, 'fn': 0}","{'p': 0, 'r': 0, 'f1': 0}","{'tp': 0, 'fp': 0, 'fn': 0}","{'p': 0.0, 'r': 0.0, 'f1': 0}","{'tp': 0, 'fp': 4, 'fn': 1}","{'p': 0.0, 'r': 0.0, 'f1': 0}","{'tp': 0, 'fp': 1, 'fn': 1}","{'p': 0, 'r': 0, 'f1': 0}","{'tp': 0, 'fp': 0, 'fn': 0}","{'p': 0, 'r': 0, 'f1': 0}","{'tp': 0, 'fp': 0, 'fn': 0}","{'p': 0, 'r': 0, 'f1': 0}","{'tp': 0, 'fp': 0, 'fn': 0}","{'p': 0, 'r': 0, 'f1': 0}","{'tp': 0, 'fp': 0, 'fn': 0}","{'p': 0.0, 'r': 0.0, 'f1': 0}","{'tp': 0, 'fp': 4, 'fn': 1}","{'p': 0.0, 'r': 0.0, 'f1': 0}","{'tp': 0, 'fp': 1, 'fn': 1}","{'p': 0, 'r': 0, 'f1': 0}","{'tp': 0, 'fp': 0, 'fn': 0}"
71,NCT03916029,,,,,hearing for learning initiative,,,"{'p': 0, 'r': 0, 'f1': 0}","{'tp': 0, 'fp': 0, 'fn': 0}","{'p': 0, 'r': 0, 'f1': 0}","{'tp': 0, 'fp': 0, 'fn': 0}","{'p': 0, 'r': 0, 'f1': 0}","{'tp': 0, 'fp': 0, 'fn': 0}","{'p': 0.0, 'r': 0.0, 'f1': 0}","{'tp': 0, 'fp': 1, 'fn': 1}","{'p': 0, 'r': 0, 'f1': 0}","{'tp': 0, 'fp': 0, 'fn': 0}","{'p': 0, 'r': 0, 'f1': 0}","{'tp': 0, 'fp': 0, 'fn': 0}","{'p': 0, 'r': 0, 'f1': 0}","{'tp': 0, 'fp': 0, 'fn': 0}","{'p': 0, 'r': 0, 'f1': 0}","{'tp': 0, 'fp': 0, 'fn': 0}","{'p': 0, 'r': 0, 'f1': 0}","{'tp': 0, 'fp': 0, 'fn': 0}","{'p': 0.0, 'r': 0.0, 'f1': 0}","{'tp': 0, 'fp': 1, 'fn': 1}","{'p': 0, 'r': 0, 'f1': 0}","{'tp': 0, 'fp': 0, 'fn': 0}","{'p': 0, 'r': 0, 'f1': 0}","{'tp': 0, 'fp': 0, 'fn': 0}"
72,NCT00818428,,,,,speech perception intervention,,,"{'p': 0, 'r': 0, 'f1': 0}","{'tp': 0, 'fp': 0, 'fn': 0}","{'p': 0, 'r': 0, 'f1': 0}","{'tp': 0, 'fp': 0, 'fn': 0}","{'p': 0, 'r': 0, 'f1': 0}","{'tp': 0, 'fp': 0, 'fn': 0}","{'p': 0.0, 'r': 0.0, 'f1': 0}","{'tp': 0, 'fp': 1, 'fn': 1}","{'p': 0, 'r': 0, 'f1': 0}","{'tp': 0, 'fp': 0, 'fn': 0}","{'p': 0, 'r': 0, 'f1': 0}","{'tp': 0, 'fp': 0, 'fn': 0}","{'p': 0, 'r': 0, 'f1': 0}","{'tp': 0, 'fp': 0, 'fn': 0}","{'p': 0, 'r': 0, 'f1': 0}","{'tp': 0, 'fp': 0, 'fn': 0}","{'p': 0, 'r': 0, 'f1': 0}","{'tp': 0, 'fp': 0, 'fn': 0}","{'p': 0.0, 'r': 0.0, 'f1': 0}","{'tp': 0, 'fp': 1, 'fn': 1}","{'p': 0, 'r': 0, 'f1': 0}","{'tp': 0, 'fp': 0, 'fn': 0}","{'p': 0, 'r': 0, 'f1': 0}","{'tp': 0, 'fp': 0, 'fn': 0}"
73,NCT05490576,,,,,[18f] pi-2620,[18f] pi-2620,,"{'p': 0, 'r': 0, 'f1': 0}","{'tp': 0, 'fp': 0, 'fn': 0}","{'p': 0, 'r': 0, 'f1': 0}","{'tp': 0, 'fp': 0, 'fn': 0}","{'p': 0, 'r': 0, 'f1': 0}","{'tp': 0, 'fp': 0, 'fn': 0}","{'p': 0.0, 'r': 0.0, 'f1': 0}","{'tp': 0, 'fp': 1, 'fn': 1}","{'p': 0.0, 'r': 0.0, 'f1': 0}","{'tp': 0, 'fp': 1, 'fn': 1}","{'p': 0, 'r': 0, 'f1': 0}","{'tp': 0, 'fp': 0, 'fn': 0}","{'p': 0, 'r': 0, 'f1': 0}","{'tp': 0, 'fp': 0, 'fn': 0}","{'p': 0, 'r': 0, 'f1': 0}","{'tp': 0, 'fp': 0, 'fn': 0}","{'p': 0, 'r': 0, 'f1': 0}","{'tp': 0, 'fp': 0, 'fn': 0}","{'p': 0.0, 'r': 0.0, 'f1': 0}","{'tp': 0, 'fp': 1, 'fn': 1}","{'p': 0.0, 'r': 0.0, 'f1': 0}","{'tp': 0, 'fp': 1, 'fn': 1}","{'p': 0, 'r': 0, 'f1': 0}","{'tp': 0, 'fp': 0, 'fn': 0}"
74,NCT04210063,,,,,inspiratory muscle training (imt),,,"{'p': 0, 'r': 0, 'f1': 0}","{'tp': 0, 'fp': 0, 'fn': 0}","{'p': 0, 'r': 0, 'f1': 0}","{'tp': 0, 'fp': 0, 'fn': 0}","{'p': 0, 'r': 0, 'f1': 0}","{'tp': 0, 'fp': 0, 'fn': 0}","{'p': 0.0, 'r': 0.0, 'f1': 0}","{'tp': 0, 'fp': 1, 'fn': 1}","{'p': 0, 'r': 0, 'f1': 0}","{'tp': 0, 'fp': 0, 'fn': 0}","{'p': 0, 'r': 0, 'f1': 0}","{'tp': 0, 'fp': 0, 'fn': 0}","{'p': 0, 'r': 0, 'f1': 0}","{'tp': 0, 'fp': 0, 'fn': 0}","{'p': 0, 'r': 0, 'f1': 0}","{'tp': 0, 'fp': 0, 'fn': 0}","{'p': 0, 'r': 0, 'f1': 0}","{'tp': 0, 'fp': 0, 'fn': 0}","{'p': 0.0, 'r': 0.0, 'f1': 0}","{'tp': 0, 'fp': 1, 'fn': 1}","{'p': 0, 'r': 0, 'f1': 0}","{'tp': 0, 'fp': 0, 'fn': 0}","{'p': 0, 'r': 0, 'f1': 0}","{'tp': 0, 'fp': 0, 'fn': 0}"
75,NCT00608660,,,,,acupuncture|moxibustion|bell's palsy,,,"{'p': 0, 'r': 0, 'f1': 0}","{'tp': 0, 'fp': 0, 'fn': 0}","{'p': 0, 'r': 0, 'f1': 0}","{'tp': 0, 'fp': 0, 'fn': 0}","{'p': 0, 'r': 0, 'f1': 0}","{'tp': 0, 'fp': 0, 'fn': 0}","{'p': 0.0, 'r': 0.0, 'f1': 0}","{'tp': 0, 'fp': 3, 'fn': 1}","{'p': 0, 'r': 0, 'f1': 0}","{'tp': 0, 'fp': 0, 'fn': 0}","{'p': 0, 'r': 0, 'f1': 0}","{'tp': 0, 'fp': 0, 'fn': 0}","{'p': 0, 'r': 0, 'f1': 0}","{'tp': 0, 'fp': 0, 'fn': 0}","{'p': 0, 'r': 0, 'f1': 0}","{'tp': 0, 'fp': 0, 'fn': 0}","{'p': 0, 'r': 0, 'f1': 0}","{'tp': 0, 'fp': 0, 'fn': 0}","{'p': 0.0, 'r': 0.0, 'f1': 0}","{'tp': 0, 'fp': 3, 'fn': 1}","{'p': 0, 'r': 0, 'f1': 0}","{'tp': 0, 'fp': 0, 'fn': 0}","{'p': 0, 'r': 0, 'f1': 0}","{'tp': 0, 'fp': 0, 'fn': 0}"
76,NCT00142324,cholinesterase inhibitor|donepezil,cholinesterase inhibitor|donepezi|donepezil,cholinesterase inhibitor|donepezil,cholinesterase inhibitor|donepezil,donepezil|placebo,donepezil|placebo,donepezil,"{'p': 0.67, 'r': 1.0, 'f1': 0.8}","{'tp': 2, 'fp': 1, 'fn': 0}","{'p': 1.0, 'r': 1.0, 'f1': 1.0}","{'tp': 2, 'fp': 0, 'fn': 0}","{'p': 1.0, 'r': 1.0, 'f1': 1.0}","{'tp': 2, 'fp': 0, 'fn': 0}","{'p': 0.5, 'r': 0.5, 'f1': 0.5}","{'tp': 1, 'fp': 1, 'fn': 1}","{'p': 0.5, 'r': 0.5, 'f1': 0.5}","{'tp': 1, 'fp': 1, 'fn': 1}","{'p': 1.0, 'r': 0.5, 'f1': 0.67}","{'tp': 1, 'fp': 0, 'fn': 1}","{'p': 0.67, 'r': 1.0, 'f1': 0.8}","{'tp': 2, 'fp': 1, 'fn': 0}","{'p': 1.0, 'r': 1.0, 'f1': 1.0}","{'tp': 2, 'fp': 0, 'fn': 0}","{'p': 1.0, 'r': 1.0, 'f1': 1.0}","{'tp': 2, 'fp': 0, 'fn': 0}","{'p': 0.5, 'r': 0.5, 'f1': 0.5}","{'tp': 1, 'fp': 1, 'fn': 1}","{'p': 0.5, 'r': 0.5, 'f1': 0.5}","{'tp': 1, 'fp': 1, 'fn': 1}","{'p': 1.0, 'r': 0.5, 'f1': 0.67}","{'tp': 1, 'fp': 0, 'fn': 1}"
77,NCT03893214,,,,,"virtual reality exposure therapy for acrophobia in a single session design and the role of respiration for fear extinction

drug names: none",,,"{'p': 0, 'r': 0, 'f1': 0}","{'tp': 0, 'fp': 0, 'fn': 0}","{'p': 0, 'r': 0, 'f1': 0}","{'tp': 0, 'fp': 0, 'fn': 0}","{'p': 0, 'r': 0, 'f1': 0}","{'tp': 0, 'fp': 0, 'fn': 0}","{'p': 0.0, 'r': 0.0, 'f1': 0}","{'tp': 0, 'fp': 1, 'fn': 1}","{'p': 0, 'r': 0, 'f1': 0}","{'tp': 0, 'fp': 0, 'fn': 0}","{'p': 0, 'r': 0, 'f1': 0}","{'tp': 0, 'fp': 0, 'fn': 0}","{'p': 0, 'r': 0, 'f1': 0}","{'tp': 0, 'fp': 0, 'fn': 0}","{'p': 0, 'r': 0, 'f1': 0}","{'tp': 0, 'fp': 0, 'fn': 0}","{'p': 0, 'r': 0, 'f1': 0}","{'tp': 0, 'fp': 0, 'fn': 0}","{'p': 0.0, 'r': 0.0, 'f1': 0}","{'tp': 0, 'fp': 1, 'fn': 1}","{'p': 0, 'r': 0, 'f1': 0}","{'tp': 0, 'fp': 0, 'fn': 0}","{'p': 0, 'r': 0, 'f1': 0}","{'tp': 0, 'fp': 0, 'fn': 0}"
78,NCT04777500,,,,,transcutaneous auricular vagus nerve stimulation|tens,,,"{'p': 0, 'r': 0, 'f1': 0}","{'tp': 0, 'fp': 0, 'fn': 0}","{'p': 0, 'r': 0, 'f1': 0}","{'tp': 0, 'fp': 0, 'fn': 0}","{'p': 0, 'r': 0, 'f1': 0}","{'tp': 0, 'fp': 0, 'fn': 0}","{'p': 0.0, 'r': 0.0, 'f1': 0}","{'tp': 0, 'fp': 2, 'fn': 1}","{'p': 0, 'r': 0, 'f1': 0}","{'tp': 0, 'fp': 0, 'fn': 0}","{'p': 0, 'r': 0, 'f1': 0}","{'tp': 0, 'fp': 0, 'fn': 0}","{'p': 0, 'r': 0, 'f1': 0}","{'tp': 0, 'fp': 0, 'fn': 0}","{'p': 0, 'r': 0, 'f1': 0}","{'tp': 0, 'fp': 0, 'fn': 0}","{'p': 0, 'r': 0, 'f1': 0}","{'tp': 0, 'fp': 0, 'fn': 0}","{'p': 0.0, 'r': 0.0, 'f1': 0}","{'tp': 0, 'fp': 2, 'fn': 1}","{'p': 0, 'r': 0, 'f1': 0}","{'tp': 0, 'fp': 0, 'fn': 0}","{'p': 0, 'r': 0, 'f1': 0}","{'tp': 0, 'fp': 0, 'fn': 0}"
79,NCT02957708,,,,,modified constraint-induced movement therapy|mcimt|self-regulation|sr,,,"{'p': 0, 'r': 0, 'f1': 0}","{'tp': 0, 'fp': 0, 'fn': 0}","{'p': 0, 'r': 0, 'f1': 0}","{'tp': 0, 'fp': 0, 'fn': 0}","{'p': 0, 'r': 0, 'f1': 0}","{'tp': 0, 'fp': 0, 'fn': 0}","{'p': 0.0, 'r': 0.0, 'f1': 0}","{'tp': 0, 'fp': 4, 'fn': 1}","{'p': 0, 'r': 0, 'f1': 0}","{'tp': 0, 'fp': 0, 'fn': 0}","{'p': 0, 'r': 0, 'f1': 0}","{'tp': 0, 'fp': 0, 'fn': 0}","{'p': 0, 'r': 0, 'f1': 0}","{'tp': 0, 'fp': 0, 'fn': 0}","{'p': 0, 'r': 0, 'f1': 0}","{'tp': 0, 'fp': 0, 'fn': 0}","{'p': 0, 'r': 0, 'f1': 0}","{'tp': 0, 'fp': 0, 'fn': 0}","{'p': 0.0, 'r': 0.0, 'f1': 0}","{'tp': 0, 'fp': 4, 'fn': 1}","{'p': 0, 'r': 0, 'f1': 0}","{'tp': 0, 'fp': 0, 'fn': 0}","{'p': 0, 'r': 0, 'f1': 0}","{'tp': 0, 'fp': 0, 'fn': 0}"
80,NCT00909012,doconexent,fish|doconexent,fish oil|doconexent,doconexent,doconexent|phenylketonuria|doconexent,doconexent|doconexent|fish oil|phenylalanine,,"{'p': 0.5, 'r': 1.0, 'f1': 0.67}","{'tp': 1, 'fp': 1, 'fn': 0}","{'p': 0.5, 'r': 1.0, 'f1': 0.67}","{'tp': 1, 'fp': 1, 'fn': 0}","{'p': 1.0, 'r': 1.0, 'f1': 1.0}","{'tp': 1, 'fp': 0, 'fn': 0}","{'p': 0.5, 'r': 1.0, 'f1': 0.67}","{'tp': 1, 'fp': 1, 'fn': 0}","{'p': 0.33, 'r': 1.0, 'f1': 0.5}","{'tp': 1, 'fp': 2, 'fn': 0}","{'p': 0.0, 'r': 0.0, 'f1': 0}","{'tp': 0, 'fp': 1, 'fn': 1}","{'p': 0.5, 'r': 1.0, 'f1': 0.67}","{'tp': 1, 'fp': 1, 'fn': 0}","{'p': 0.5, 'r': 1.0, 'f1': 0.67}","{'tp': 1, 'fp': 1, 'fn': 0}","{'p': 1.0, 'r': 1.0, 'f1': 1.0}","{'tp': 1, 'fp': 0, 'fn': 0}","{'p': 0.5, 'r': 1.0, 'f1': 0.67}","{'tp': 1, 'fp': 1, 'fn': 0}","{'p': 0.33, 'r': 1.0, 'f1': 0.5}","{'tp': 1, 'fp': 2, 'fn': 0}","{'p': 0.0, 'r': 0.0, 'f1': 0}","{'tp': 0, 'fp': 1, 'fn': 1}"
81,NCT04955249,dexmedetomidine,dexmedetomidine|dexmedetomi,dexmedetomidine,dexmedetomidine,dexmedetomidine,dexmedetomidine,dexmedetomidine,"{'p': 0.5, 'r': 1.0, 'f1': 0.67}","{'tp': 1, 'fp': 1, 'fn': 0}","{'p': 1.0, 'r': 1.0, 'f1': 1.0}","{'tp': 1, 'fp': 0, 'fn': 0}","{'p': 1.0, 'r': 1.0, 'f1': 1.0}","{'tp': 1, 'fp': 0, 'fn': 0}","{'p': 1.0, 'r': 1.0, 'f1': 1.0}","{'tp': 1, 'fp': 0, 'fn': 0}","{'p': 1.0, 'r': 1.0, 'f1': 1.0}","{'tp': 1, 'fp': 0, 'fn': 0}","{'p': 1.0, 'r': 1.0, 'f1': 1.0}","{'tp': 1, 'fp': 0, 'fn': 0}","{'p': 0.5, 'r': 1.0, 'f1': 0.67}","{'tp': 1, 'fp': 1, 'fn': 0}","{'p': 1.0, 'r': 1.0, 'f1': 1.0}","{'tp': 1, 'fp': 0, 'fn': 0}","{'p': 1.0, 'r': 1.0, 'f1': 1.0}","{'tp': 1, 'fp': 0, 'fn': 0}","{'p': 1.0, 'r': 1.0, 'f1': 1.0}","{'tp': 1, 'fp': 0, 'fn': 0}","{'p': 1.0, 'r': 1.0, 'f1': 1.0}","{'tp': 1, 'fp': 0, 'fn': 0}","{'p': 1.0, 'r': 1.0, 'f1': 1.0}","{'tp': 1, 'fp': 0, 'fn': 0}"
82,NCT00252850,,aden|neurturin|ntn|virus|cere-120|aav2,ntn|cere-120|neurturin,ntn|adeno-associated virus serotype 2|cere-120|neurturin,cere-120|aav2|neurturin|ntn|cere-120,cere-120,,"{'p': 0.0, 'r': 0.0, 'f1': 0}","{'tp': 0, 'fp': 6, 'fn': 1}","{'p': 0.0, 'r': 0.0, 'f1': 0}","{'tp': 0, 'fp': 3, 'fn': 1}","{'p': 0.0, 'r': 0.0, 'f1': 0}","{'tp': 0, 'fp': 4, 'fn': 1}","{'p': 0.0, 'r': 0.0, 'f1': 0}","{'tp': 0, 'fp': 4, 'fn': 1}","{'p': 0.0, 'r': 0.0, 'f1': 0}","{'tp': 0, 'fp': 1, 'fn': 1}","{'p': 0, 'r': 0, 'f1': 0}","{'tp': 0, 'fp': 0, 'fn': 0}","{'p': 0.0, 'r': 0.0, 'f1': 0}","{'tp': 0, 'fp': 6, 'fn': 1}","{'p': 0.0, 'r': 0.0, 'f1': 0}","{'tp': 0, 'fp': 3, 'fn': 1}","{'p': 0.0, 'r': 0.0, 'f1': 0}","{'tp': 0, 'fp': 4, 'fn': 1}","{'p': 0.0, 'r': 0.0, 'f1': 0}","{'tp': 0, 'fp': 4, 'fn': 1}","{'p': 0.0, 'r': 0.0, 'f1': 0}","{'tp': 0, 'fp': 1, 'fn': 1}","{'p': 0, 'r': 0, 'f1': 0}","{'tp': 0, 'fp': 0, 'fn': 0}"
83,NCT02840643,,,,,"combined constraint therapy and bimanual therapy for children with unilateral brain injury|to examine efficacy of combined unimanual and bimanual intensive therapy in children with unilateral brain injury. a key question in hemiplegia therapy is whether the affected hand should be trained alone or in tandem with the other hand. in constraint-induced movement therapy (cimt), a participant's less-affected upper extremity is restricted with a sling, cast, or mitt, while the participant actively uses the affected arm and hand in skill-based therapeutic activities. bimanual therapy, in contrast, engages both hands in therapeutic movement. since constraint and bimanual therapy target different aspects of hand use, they could have synergistic effects on hand function when given in combination.

 none.",,,"{'p': 0, 'r': 0, 'f1': 0}","{'tp': 0, 'fp': 0, 'fn': 0}","{'p': 0, 'r': 0, 'f1': 0}","{'tp': 0, 'fp': 0, 'fn': 0}","{'p': 0, 'r': 0, 'f1': 0}","{'tp': 0, 'fp': 0, 'fn': 0}","{'p': 0.0, 'r': 0.0, 'f1': 0}","{'tp': 0, 'fp': 2, 'fn': 1}","{'p': 0, 'r': 0, 'f1': 0}","{'tp': 0, 'fp': 0, 'fn': 0}","{'p': 0, 'r': 0, 'f1': 0}","{'tp': 0, 'fp': 0, 'fn': 0}","{'p': 0, 'r': 0, 'f1': 0}","{'tp': 0, 'fp': 0, 'fn': 0}","{'p': 0, 'r': 0, 'f1': 0}","{'tp': 0, 'fp': 0, 'fn': 0}","{'p': 0, 'r': 0, 'f1': 0}","{'tp': 0, 'fp': 0, 'fn': 0}","{'p': 0.0, 'r': 0.0, 'f1': 0}","{'tp': 0, 'fp': 2, 'fn': 1}","{'p': 0, 'r': 0, 'f1': 0}","{'tp': 0, 'fp': 0, 'fn': 0}","{'p': 0, 'r': 0, 'f1': 0}","{'tp': 0, 'fp': 0, 'fn': 0}"
84,NCT00120588,magnesium|magnesium sulfate,magnesium|magnesium sulfate,magnesium|magnesium sulfate,magnesium|magnesium sulfate,magnesium sulfate,magnesium sulfate,magnesium,"{'p': 1.0, 'r': 1.0, 'f1': 1.0}","{'tp': 2, 'fp': 0, 'fn': 0}","{'p': 1.0, 'r': 1.0, 'f1': 1.0}","{'tp': 2, 'fp': 0, 'fn': 0}","{'p': 1.0, 'r': 1.0, 'f1': 1.0}","{'tp': 2, 'fp': 0, 'fn': 0}","{'p': 1.0, 'r': 0.5, 'f1': 0.67}","{'tp': 1, 'fp': 0, 'fn': 1}","{'p': 1.0, 'r': 0.5, 'f1': 0.67}","{'tp': 1, 'fp': 0, 'fn': 1}","{'p': 1.0, 'r': 0.5, 'f1': 0.67}","{'tp': 1, 'fp': 0, 'fn': 1}","{'p': 1.0, 'r': 1.0, 'f1': 1.0}","{'tp': 2, 'fp': 0, 'fn': 0}","{'p': 1.0, 'r': 1.0, 'f1': 1.0}","{'tp': 2, 'fp': 0, 'fn': 0}","{'p': 1.0, 'r': 1.0, 'f1': 1.0}","{'tp': 2, 'fp': 0, 'fn': 0}","{'p': 1.0, 'r': 1.0, 'f1': 1.0}","{'tp': 2, 'fp': 0, 'fn': 0}","{'p': 1.0, 'r': 1.0, 'f1': 1.0}","{'tp': 2, 'fp': 0, 'fn': 0}","{'p': 1.0, 'r': 0.5, 'f1': 0.67}","{'tp': 1, 'fp': 0, 'fn': 1}"
85,NCT03755362,,,,,periodontitis,,,"{'p': 0, 'r': 0, 'f1': 0}","{'tp': 0, 'fp': 0, 'fn': 0}","{'p': 0, 'r': 0, 'f1': 0}","{'tp': 0, 'fp': 0, 'fn': 0}","{'p': 0, 'r': 0, 'f1': 0}","{'tp': 0, 'fp': 0, 'fn': 0}","{'p': 0.0, 'r': 0.0, 'f1': 0}","{'tp': 0, 'fp': 1, 'fn': 1}","{'p': 0, 'r': 0, 'f1': 0}","{'tp': 0, 'fp': 0, 'fn': 0}","{'p': 0, 'r': 0, 'f1': 0}","{'tp': 0, 'fp': 0, 'fn': 0}","{'p': 0, 'r': 0, 'f1': 0}","{'tp': 0, 'fp': 0, 'fn': 0}","{'p': 0, 'r': 0, 'f1': 0}","{'tp': 0, 'fp': 0, 'fn': 0}","{'p': 0, 'r': 0, 'f1': 0}","{'tp': 0, 'fp': 0, 'fn': 0}","{'p': 0.0, 'r': 0.0, 'f1': 0}","{'tp': 0, 'fp': 1, 'fn': 1}","{'p': 0, 'r': 0, 'f1': 0}","{'tp': 0, 'fp': 0, 'fn': 0}","{'p': 0, 'r': 0, 'f1': 0}","{'tp': 0, 'fp': 0, 'fn': 0}"
86,NCT00506415,rivastigmine|rivastigmine patch|rivastigmine,rivastigmine|rivastigmine patch|rivastigmine,rivastigmine|rivastigmine patch|rivastigmine,exelo|rivastigmine,rivastigmine patch|rivastigmine|rivastigmine patch,exelon®|rivastigmine patch,to 10 cm^2 patch|to 15 cm^2 patch|rivastigmine 10 cm^2|rivastigmine 15 cm^2|rivastigmine 5 cm^2,"{'p': 1.0, 'r': 1.0, 'f1': 1.0}","{'tp': 2, 'fp': 0, 'fn': 0}","{'p': 1.0, 'r': 1.0, 'f1': 1.0}","{'tp': 2, 'fp': 0, 'fn': 0}","{'p': 0.5, 'r': 0.5, 'f1': 0.5}","{'tp': 1, 'fp': 1, 'fn': 1}","{'p': 1.0, 'r': 1.0, 'f1': 1.0}","{'tp': 2, 'fp': 0, 'fn': 0}","{'p': 0.5, 'r': 0.5, 'f1': 0.5}","{'tp': 1, 'fp': 1, 'fn': 1}","{'p': 0.0, 'r': 0.0, 'f1': 0}","{'tp': 0, 'fp': 5, 'fn': 2}","{'p': 1.0, 'r': 1.0, 'f1': 1.0}","{'tp': 2, 'fp': 0, 'fn': 0}","{'p': 1.0, 'r': 1.0, 'f1': 1.0}","{'tp': 2, 'fp': 0, 'fn': 0}","{'p': 0.5, 'r': 0.5, 'f1': 0.5}","{'tp': 1, 'fp': 1, 'fn': 1}","{'p': 1.0, 'r': 1.0, 'f1': 1.0}","{'tp': 2, 'fp': 0, 'fn': 0}","{'p': 0.67, 'r': 1.0, 'f1': 0.8}","{'tp': 2, 'fp': 1, 'fn': 0}","{'p': 0.33, 'r': 0.5, 'f1': 0.4}","{'tp': 1, 'fp': 2, 'fn': 1}"
87,NCT01344447,,gadobutro|gadobutrol,gadobutrol,gadobutrol,gadobutrol,gadobutrol,"gadobutrol (gadovist, bay86-4875)","{'p': 0.0, 'r': 0.0, 'f1': 0}","{'tp': 0, 'fp': 2, 'fn': 1}","{'p': 0.0, 'r': 0.0, 'f1': 0}","{'tp': 0, 'fp': 1, 'fn': 1}","{'p': 0.0, 'r': 0.0, 'f1': 0}","{'tp': 0, 'fp': 1, 'fn': 1}","{'p': 0.0, 'r': 0.0, 'f1': 0}","{'tp': 0, 'fp': 1, 'fn': 1}","{'p': 0.0, 'r': 0.0, 'f1': 0}","{'tp': 0, 'fp': 1, 'fn': 1}","{'p': 0.0, 'r': 0.0, 'f1': 0}","{'tp': 0, 'fp': 1, 'fn': 1}","{'p': 0.0, 'r': 0.0, 'f1': 0}","{'tp': 0, 'fp': 2, 'fn': 1}","{'p': 0.0, 'r': 0.0, 'f1': 0}","{'tp': 0, 'fp': 1, 'fn': 1}","{'p': 0.0, 'r': 0.0, 'f1': 0}","{'tp': 0, 'fp': 1, 'fn': 1}","{'p': 0.0, 'r': 0.0, 'f1': 0}","{'tp': 0, 'fp': 1, 'fn': 1}","{'p': 0.0, 'r': 0.0, 'f1': 0}","{'tp': 0, 'fp': 1, 'fn': 1}","{'p': 0.0, 'r': 0.0, 'f1': 0}","{'tp': 0, 'fp': 1, 'fn': 1}"
88,NCT04184206,,,,,,,,"{'p': 0, 'r': 0, 'f1': 0}","{'tp': 0, 'fp': 0, 'fn': 0}","{'p': 0, 'r': 0, 'f1': 0}","{'tp': 0, 'fp': 0, 'fn': 0}","{'p': 0, 'r': 0, 'f1': 0}","{'tp': 0, 'fp': 0, 'fn': 0}","{'p': 0, 'r': 0, 'f1': 0}","{'tp': 0, 'fp': 0, 'fn': 0}","{'p': 0, 'r': 0, 'f1': 0}","{'tp': 0, 'fp': 0, 'fn': 0}","{'p': 0, 'r': 0, 'f1': 0}","{'tp': 0, 'fp': 0, 'fn': 0}","{'p': 0, 'r': 0, 'f1': 0}","{'tp': 0, 'fp': 0, 'fn': 0}","{'p': 0, 'r': 0, 'f1': 0}","{'tp': 0, 'fp': 0, 'fn': 0}","{'p': 0, 'r': 0, 'f1': 0}","{'tp': 0, 'fp': 0, 'fn': 0}","{'p': 0, 'r': 0, 'f1': 0}","{'tp': 0, 'fp': 0, 'fn': 0}","{'p': 0, 'r': 0, 'f1': 0}","{'tp': 0, 'fp': 0, 'fn': 0}","{'p': 0, 'r': 0, 'f1': 0}","{'tp': 0, 'fp': 0, 'fn': 0}"
89,NCT03540602,polyphenol,polyphenol,,,polyphenol rich supplementation,polyphenol rich supplementation,,"{'p': 1.0, 'r': 1.0, 'f1': 1.0}","{'tp': 1, 'fp': 0, 'fn': 0}","{'p': 0.0, 'r': 0.0, 'f1': 0}","{'tp': 0, 'fp': 1, 'fn': 1}","{'p': 0.0, 'r': 0.0, 'f1': 0}","{'tp': 0, 'fp': 1, 'fn': 1}","{'p': 0.0, 'r': 0.0, 'f1': 0}","{'tp': 0, 'fp': 1, 'fn': 1}","{'p': 0.0, 'r': 0.0, 'f1': 0}","{'tp': 0, 'fp': 1, 'fn': 1}","{'p': 0.0, 'r': 0.0, 'f1': 0}","{'tp': 0, 'fp': 1, 'fn': 1}","{'p': 1.0, 'r': 1.0, 'f1': 1.0}","{'tp': 1, 'fp': 0, 'fn': 0}","{'p': 0.0, 'r': 0.0, 'f1': 0}","{'tp': 0, 'fp': 1, 'fn': 1}","{'p': 0.0, 'r': 0.0, 'f1': 0}","{'tp': 0, 'fp': 1, 'fn': 1}","{'p': 1.0, 'r': 1.0, 'f1': 1.0}","{'tp': 1, 'fp': 0, 'fn': 0}","{'p': 1.0, 'r': 1.0, 'f1': 1.0}","{'tp': 1, 'fp': 0, 'fn': 0}","{'p': 0.0, 'r': 0.0, 'f1': 0}","{'tp': 0, 'fp': 1, 'fn': 1}"
