,nct_id,canonical_unique_interventions,canonical_BioLinkBERT-base_interventions,canonical_biobert-v1.1_interventions,canonical_gpt_interventions,canonical_aact_interventions,eval_exact_match_BioLinkBERT-base,eval_exact_match_BioLinkBERT-base_tp_fp_fn,eval_exact_match_biobert-v1.1,eval_exact_match_biobert-v1.1_tp_fp_fn,eval_exact_match_gpt,eval_exact_match_gpt_tp_fp_fn,eval_exact_match_aact,eval_exact_match_aact_tp_fp_fn,eval_majority_BioLinkBERT-base,eval_majority_BioLinkBERT-base_tp_fp_fn,eval_majority_biobert-v1.1,eval_majority_biobert-v1.1_tp_fp_fn,eval_majority_gpt,eval_majority_gpt_tp_fp_fn,eval_majority_aact,eval_majority_aact_tp_fp_fn
0,NCT04849741,ion373,ion373,ion373,ion373,ion373,"{'p': 1.0, 'r': 1.0, 'f1': 1.0}","{'tp': 1, 'fp': 0, 'fn': 0}","{'p': 1.0, 'r': 1.0, 'f1': 1.0}","{'tp': 1, 'fp': 0, 'fn': 0}","{'p': 1.0, 'r': 1.0, 'f1': 1.0}","{'tp': 1, 'fp': 0, 'fn': 0}","{'p': 1.0, 'r': 1.0, 'f1': 1.0}","{'tp': 1, 'fp': 0, 'fn': 0}","{'p': 1.0, 'r': 1.0, 'f1': 1.0}","{'tp': 1, 'fp': 0, 'fn': 0}","{'p': 1.0, 'r': 1.0, 'f1': 1.0}","{'tp': 1, 'fp': 0, 'fn': 0}","{'p': 1.0, 'r': 1.0, 'f1': 1.0}","{'tp': 1, 'fp': 0, 'fn': 0}","{'p': 1.0, 'r': 1.0, 'f1': 1.0}","{'tp': 1, 'fp': 0, 'fn': 0}"
1,NCT04576507,cannabidiol|cannabinoid|dronabinol|cannabinoids|dronabinol,cannabidiol|cannabinoids|cannabidi,canna|cannabidiol|cannabino,medical cannabis|opioids|cannabinoids|dronabinol|dronabinol|cannabidiol|cannabidiol,medical cannabis,"{'p': 0.67, 'r': 0.5, 'f1': 0.57}","{'tp': 2, 'fp': 1, 'fn': 2}","{'p': 0.33, 'r': 0.25, 'f1': 0.29}","{'tp': 1, 'fp': 2, 'fn': 3}","{'p': 0.6, 'r': 0.75, 'f1': 0.67}","{'tp': 3, 'fp': 2, 'fn': 1}","{'p': 0.0, 'r': 0.0, 'f1': 0}","{'tp': 0, 'fp': 1, 'fn': 4}","{'p': 0.67, 'r': 0.5, 'f1': 0.57}","{'tp': 2, 'fp': 1, 'fn': 2}","{'p': 0.33, 'r': 0.25, 'f1': 0.29}","{'tp': 1, 'fp': 2, 'fn': 3}","{'p': 0.6, 'r': 0.75, 'f1': 0.67}","{'tp': 3, 'fp': 2, 'fn': 1}","{'p': 0.0, 'r': 0.0, 'f1': 0}","{'tp': 0, 'fp': 1, 'fn': 4}"
2,NCT00261508,risperidone|antipsychotic medication,risperidone|antipsychotic medication,antipsy,risperidone|placebo,risperidone,"{'p': 1.0, 'r': 1.0, 'f1': 1.0}","{'tp': 2, 'fp': 0, 'fn': 0}","{'p': 0.0, 'r': 0.0, 'f1': 0}","{'tp': 0, 'fp': 1, 'fn': 2}","{'p': 0.5, 'r': 0.5, 'f1': 0.5}","{'tp': 1, 'fp': 1, 'fn': 1}","{'p': 1.0, 'r': 0.5, 'f1': 0.67}","{'tp': 1, 'fp': 0, 'fn': 1}","{'p': 1.0, 'r': 1.0, 'f1': 1.0}","{'tp': 2, 'fp': 0, 'fn': 0}","{'p': 0.0, 'r': 0.0, 'f1': 0}","{'tp': 0, 'fp': 1, 'fn': 2}","{'p': 0.5, 'r': 0.5, 'f1': 0.5}","{'tp': 1, 'fp': 1, 'fn': 1}","{'p': 1.0, 'r': 0.5, 'f1': 0.67}","{'tp': 1, 'fp': 0, 'fn': 1}"
3,NCT01495923,gabapentin|steroid,gabapentin,gabapentin,epidural steroid injections|gabapentin,gabapentin|gabapentin|sham epidural steroid injection|epidural steroid injection,"{'p': 1.0, 'r': 0.5, 'f1': 0.67}","{'tp': 1, 'fp': 0, 'fn': 1}","{'p': 1.0, 'r': 0.5, 'f1': 0.67}","{'tp': 1, 'fp': 0, 'fn': 1}","{'p': 0.5, 'r': 0.5, 'f1': 0.5}","{'tp': 1, 'fp': 1, 'fn': 1}","{'p': 0.33, 'r': 0.5, 'f1': 0.4}","{'tp': 1, 'fp': 2, 'fn': 1}","{'p': 1.0, 'r': 0.5, 'f1': 0.67}","{'tp': 1, 'fp': 0, 'fn': 1}","{'p': 1.0, 'r': 0.5, 'f1': 0.67}","{'tp': 1, 'fp': 0, 'fn': 1}","{'p': 1.0, 'r': 1.0, 'f1': 1.0}","{'tp': 2, 'fp': 0, 'fn': 0}","{'p': 1.0, 'r': 1.0, 'f1': 1.0}","{'tp': 2, 'fp': 0, 'fn': 0}"
4,NCT03150563,,,,,,"{'p': 0, 'r': 0, 'f1': 0}","{'tp': 0, 'fp': 0, 'fn': 0}","{'p': 0, 'r': 0, 'f1': 0}","{'tp': 0, 'fp': 0, 'fn': 0}","{'p': 0, 'r': 0, 'f1': 0}","{'tp': 0, 'fp': 0, 'fn': 0}","{'p': 0, 'r': 0, 'f1': 0}","{'tp': 0, 'fp': 0, 'fn': 0}","{'p': 0, 'r': 0, 'f1': 0}","{'tp': 0, 'fp': 0, 'fn': 0}","{'p': 0, 'r': 0, 'f1': 0}","{'tp': 0, 'fp': 0, 'fn': 0}","{'p': 0, 'r': 0, 'f1': 0}","{'tp': 0, 'fp': 0, 'fn': 0}","{'p': 0, 'r': 0, 'f1': 0}","{'tp': 0, 'fp': 0, 'fn': 0}"
5,NCT05265377,,,,stelo,,"{'p': 0, 'r': 0, 'f1': 0}","{'tp': 0, 'fp': 0, 'fn': 0}","{'p': 0, 'r': 0, 'f1': 0}","{'tp': 0, 'fp': 0, 'fn': 0}","{'p': 0.0, 'r': 0.0, 'f1': 0}","{'tp': 0, 'fp': 1, 'fn': 1}","{'p': 0, 'r': 0, 'f1': 0}","{'tp': 0, 'fp': 0, 'fn': 0}","{'p': 0, 'r': 0, 'f1': 0}","{'tp': 0, 'fp': 0, 'fn': 0}","{'p': 0, 'r': 0, 'f1': 0}","{'tp': 0, 'fp': 0, 'fn': 0}","{'p': 0.0, 'r': 0.0, 'f1': 0}","{'tp': 0, 'fp': 1, 'fn': 1}","{'p': 0, 'r': 0, 'f1': 0}","{'tp': 0, 'fp': 0, 'fn': 0}"
6,NCT03170856,,,,,,"{'p': 0, 'r': 0, 'f1': 0}","{'tp': 0, 'fp': 0, 'fn': 0}","{'p': 0, 'r': 0, 'f1': 0}","{'tp': 0, 'fp': 0, 'fn': 0}","{'p': 0, 'r': 0, 'f1': 0}","{'tp': 0, 'fp': 0, 'fn': 0}","{'p': 0, 'r': 0, 'f1': 0}","{'tp': 0, 'fp': 0, 'fn': 0}","{'p': 0, 'r': 0, 'f1': 0}","{'tp': 0, 'fp': 0, 'fn': 0}","{'p': 0, 'r': 0, 'f1': 0}","{'tp': 0, 'fp': 0, 'fn': 0}","{'p': 0, 'r': 0, 'f1': 0}","{'tp': 0, 'fp': 0, 'fn': 0}","{'p': 0, 'r': 0, 'f1': 0}","{'tp': 0, 'fp': 0, 'fn': 0}"
7,NCT01421056,chf 5074,chf 5074,chf 5074,chf 5074,chf 5074 1x|chf 5074 2x|chf 5074 3x,"{'p': 1.0, 'r': 1.0, 'f1': 1.0}","{'tp': 1, 'fp': 0, 'fn': 0}","{'p': 1.0, 'r': 1.0, 'f1': 1.0}","{'tp': 1, 'fp': 0, 'fn': 0}","{'p': 1.0, 'r': 1.0, 'f1': 1.0}","{'tp': 1, 'fp': 0, 'fn': 0}","{'p': 0.0, 'r': 0.0, 'f1': 0}","{'tp': 0, 'fp': 3, 'fn': 1}","{'p': 1.0, 'r': 1.0, 'f1': 1.0}","{'tp': 1, 'fp': 0, 'fn': 0}","{'p': 1.0, 'r': 1.0, 'f1': 1.0}","{'tp': 1, 'fp': 0, 'fn': 0}","{'p': 1.0, 'r': 1.0, 'f1': 1.0}","{'tp': 1, 'fp': 0, 'fn': 0}","{'p': 1.0, 'r': 1.0, 'f1': 1.0}","{'tp': 1, 'fp': 0, 'fn': 0}"
8,NCT04446416,bevacizumab|temozolomide,bevacizumab|temozolomide|radiotherapy,bevacizumab|temozolomide,bevacizumab,bevacizumab|navifus system,"{'p': 0.67, 'r': 1.0, 'f1': 0.8}","{'tp': 2, 'fp': 1, 'fn': 0}","{'p': 1.0, 'r': 1.0, 'f1': 1.0}","{'tp': 2, 'fp': 0, 'fn': 0}","{'p': 1.0, 'r': 0.5, 'f1': 0.67}","{'tp': 1, 'fp': 0, 'fn': 1}","{'p': 0.5, 'r': 0.5, 'f1': 0.5}","{'tp': 1, 'fp': 1, 'fn': 1}","{'p': 0.67, 'r': 1.0, 'f1': 0.8}","{'tp': 2, 'fp': 1, 'fn': 0}","{'p': 1.0, 'r': 1.0, 'f1': 1.0}","{'tp': 2, 'fp': 0, 'fn': 0}","{'p': 1.0, 'r': 0.5, 'f1': 0.67}","{'tp': 1, 'fp': 0, 'fn': 1}","{'p': 0.5, 'r': 0.5, 'f1': 0.5}","{'tp': 1, 'fp': 1, 'fn': 1}"
9,NCT04212260,,,,o-pes|cpap,,"{'p': 0, 'r': 0, 'f1': 0}","{'tp': 0, 'fp': 0, 'fn': 0}","{'p': 0, 'r': 0, 'f1': 0}","{'tp': 0, 'fp': 0, 'fn': 0}","{'p': 0.0, 'r': 0.0, 'f1': 0}","{'tp': 0, 'fp': 2, 'fn': 1}","{'p': 0, 'r': 0, 'f1': 0}","{'tp': 0, 'fp': 0, 'fn': 0}","{'p': 0, 'r': 0, 'f1': 0}","{'tp': 0, 'fp': 0, 'fn': 0}","{'p': 0, 'r': 0, 'f1': 0}","{'tp': 0, 'fp': 0, 'fn': 0}","{'p': 0.0, 'r': 0.0, 'f1': 0}","{'tp': 0, 'fp': 2, 'fn': 1}","{'p': 0, 'r': 0, 'f1': 0}","{'tp': 0, 'fp': 0, 'fn': 0}"
10,NCT01475578,,,sta-1,sta-1 capsule,ergoloid mesylates tablet|sta-1,"{'p': 0, 'r': 0, 'f1': 0}","{'tp': 0, 'fp': 0, 'fn': 0}","{'p': 0.0, 'r': 0.0, 'f1': 0}","{'tp': 0, 'fp': 1, 'fn': 1}","{'p': 0.0, 'r': 0.0, 'f1': 0}","{'tp': 0, 'fp': 1, 'fn': 1}","{'p': 0.0, 'r': 0.0, 'f1': 0}","{'tp': 0, 'fp': 2, 'fn': 1}","{'p': 0, 'r': 0, 'f1': 0}","{'tp': 0, 'fp': 0, 'fn': 0}","{'p': 0.0, 'r': 0.0, 'f1': 0}","{'tp': 0, 'fp': 1, 'fn': 1}","{'p': 0.0, 'r': 0.0, 'f1': 0}","{'tp': 0, 'fp': 1, 'fn': 1}","{'p': 0.0, 'r': 0.0, 'f1': 0}","{'tp': 0, 'fp': 2, 'fn': 1}"
11,NCT02029547,,,florbetapir,florbetapir (18f),florbetapir (18f),"{'p': 0, 'r': 0, 'f1': 0}","{'tp': 0, 'fp': 0, 'fn': 0}","{'p': 0.0, 'r': 0.0, 'f1': 0}","{'tp': 0, 'fp': 1, 'fn': 1}","{'p': 0.0, 'r': 0.0, 'f1': 0}","{'tp': 0, 'fp': 1, 'fn': 1}","{'p': 0.0, 'r': 0.0, 'f1': 0}","{'tp': 0, 'fp': 1, 'fn': 1}","{'p': 0, 'r': 0, 'f1': 0}","{'tp': 0, 'fp': 0, 'fn': 0}","{'p': 0.0, 'r': 0.0, 'f1': 0}","{'tp': 0, 'fp': 1, 'fn': 1}","{'p': 0.0, 'r': 0.0, 'f1': 0}","{'tp': 0, 'fp': 1, 'fn': 1}","{'p': 0.0, 'r': 0.0, 'f1': 0}","{'tp': 0, 'fp': 1, 'fn': 1}"
12,NCT02914951,,,,cbt|cbt,,"{'p': 0, 'r': 0, 'f1': 0}","{'tp': 0, 'fp': 0, 'fn': 0}","{'p': 0, 'r': 0, 'f1': 0}","{'tp': 0, 'fp': 0, 'fn': 0}","{'p': 0.0, 'r': 0.0, 'f1': 0}","{'tp': 0, 'fp': 1, 'fn': 1}","{'p': 0, 'r': 0, 'f1': 0}","{'tp': 0, 'fp': 0, 'fn': 0}","{'p': 0, 'r': 0, 'f1': 0}","{'tp': 0, 'fp': 0, 'fn': 0}","{'p': 0, 'r': 0, 'f1': 0}","{'tp': 0, 'fp': 0, 'fn': 0}","{'p': 0.0, 'r': 0.0, 'f1': 0}","{'tp': 0, 'fp': 1, 'fn': 1}","{'p': 0, 'r': 0, 'f1': 0}","{'tp': 0, 'fp': 0, 'fn': 0}"
13,NCT02645942,l-c|levocarnitine,l-c|levocarnitine,l-c|levocarnitine,levocarnitine,,"{'p': 1.0, 'r': 1.0, 'f1': 1.0}","{'tp': 2, 'fp': 0, 'fn': 0}","{'p': 1.0, 'r': 1.0, 'f1': 1.0}","{'tp': 2, 'fp': 0, 'fn': 0}","{'p': 1.0, 'r': 0.5, 'f1': 0.67}","{'tp': 1, 'fp': 0, 'fn': 1}","{'p': 0.0, 'r': 0.0, 'f1': 0}","{'tp': 0, 'fp': 1, 'fn': 2}","{'p': 1.0, 'r': 1.0, 'f1': 1.0}","{'tp': 2, 'fp': 0, 'fn': 0}","{'p': 1.0, 'r': 1.0, 'f1': 1.0}","{'tp': 2, 'fp': 0, 'fn': 0}","{'p': 1.0, 'r': 0.5, 'f1': 0.67}","{'tp': 1, 'fp': 0, 'fn': 1}","{'p': 0.0, 'r': 0.0, 'f1': 0}","{'tp': 0, 'fp': 1, 'fn': 2}"
14,NCT05709210,,,,,,"{'p': 0, 'r': 0, 'f1': 0}","{'tp': 0, 'fp': 0, 'fn': 0}","{'p': 0, 'r': 0, 'f1': 0}","{'tp': 0, 'fp': 0, 'fn': 0}","{'p': 0, 'r': 0, 'f1': 0}","{'tp': 0, 'fp': 0, 'fn': 0}","{'p': 0, 'r': 0, 'f1': 0}","{'tp': 0, 'fp': 0, 'fn': 0}","{'p': 0, 'r': 0, 'f1': 0}","{'tp': 0, 'fp': 0, 'fn': 0}","{'p': 0, 'r': 0, 'f1': 0}","{'tp': 0, 'fp': 0, 'fn': 0}","{'p': 0, 'r': 0, 'f1': 0}","{'tp': 0, 'fp': 0, 'fn': 0}","{'p': 0, 'r': 0, 'f1': 0}","{'tp': 0, 'fp': 0, 'fn': 0}"
15,NCT00201461,,,,starflex,best medical therapy|starflex septal closure system,"{'p': 0, 'r': 0, 'f1': 0}","{'tp': 0, 'fp': 0, 'fn': 0}","{'p': 0, 'r': 0, 'f1': 0}","{'tp': 0, 'fp': 0, 'fn': 0}","{'p': 0.0, 'r': 0.0, 'f1': 0}","{'tp': 0, 'fp': 1, 'fn': 1}","{'p': 0.0, 'r': 0.0, 'f1': 0}","{'tp': 0, 'fp': 2, 'fn': 1}","{'p': 0, 'r': 0, 'f1': 0}","{'tp': 0, 'fp': 0, 'fn': 0}","{'p': 0, 'r': 0, 'f1': 0}","{'tp': 0, 'fp': 0, 'fn': 0}","{'p': 0.0, 'r': 0.0, 'f1': 0}","{'tp': 0, 'fp': 1, 'fn': 1}","{'p': 0.0, 'r': 0.0, 'f1': 0}","{'tp': 0, 'fp': 2, 'fn': 1}"
16,NCT04610879,carbamazepine|levetiracetam,carbamazepine|levetiracetam,carbamazepine|levetiracetam,carbamazepine|levetiracetam,carbamazepine|levetiracetam|parent based sleep (pbs) intervention,"{'p': 1.0, 'r': 1.0, 'f1': 1.0}","{'tp': 2, 'fp': 0, 'fn': 0}","{'p': 1.0, 'r': 1.0, 'f1': 1.0}","{'tp': 2, 'fp': 0, 'fn': 0}","{'p': 1.0, 'r': 1.0, 'f1': 1.0}","{'tp': 2, 'fp': 0, 'fn': 0}","{'p': 0.67, 'r': 1.0, 'f1': 0.8}","{'tp': 2, 'fp': 1, 'fn': 0}","{'p': 1.0, 'r': 1.0, 'f1': 1.0}","{'tp': 2, 'fp': 0, 'fn': 0}","{'p': 1.0, 'r': 1.0, 'f1': 1.0}","{'tp': 2, 'fp': 0, 'fn': 0}","{'p': 1.0, 'r': 1.0, 'f1': 1.0}","{'tp': 2, 'fp': 0, 'fn': 0}","{'p': 0.67, 'r': 1.0, 'f1': 0.8}","{'tp': 2, 'fp': 1, 'fn': 0}"
17,NCT05220072,carbon-14 bia 28-6156|bia 28-6156,bia 28-6156,bia 28-6156,bia 28-6156,carbon-14 bia 28-6156,"{'p': 1.0, 'r': 0.5, 'f1': 0.67}","{'tp': 1, 'fp': 0, 'fn': 1}","{'p': 1.0, 'r': 0.5, 'f1': 0.67}","{'tp': 1, 'fp': 0, 'fn': 1}","{'p': 1.0, 'r': 0.5, 'f1': 0.67}","{'tp': 1, 'fp': 0, 'fn': 1}","{'p': 1.0, 'r': 0.5, 'f1': 0.67}","{'tp': 1, 'fp': 0, 'fn': 1}","{'p': 1.0, 'r': 1.0, 'f1': 1.0}","{'tp': 2, 'fp': 0, 'fn': 0}","{'p': 1.0, 'r': 1.0, 'f1': 1.0}","{'tp': 2, 'fp': 0, 'fn': 0}","{'p': 1.0, 'r': 1.0, 'f1': 1.0}","{'tp': 2, 'fp': 0, 'fn': 0}","{'p': 1.0, 'r': 1.0, 'f1': 1.0}","{'tp': 2, 'fp': 0, 'fn': 0}"
18,NCT01751347,lidocaine|bupivacaine|bupivicaine|epinephrine,local|lidocaine|bupivacaine|bupivicaine,lidocaine|bupivacaine|local anesthetic|bupivicaine,bupivacaine|lidocaine|bupivicaine,bupivacaine|lidocaine,"{'p': 0.75, 'r': 0.75, 'f1': 0.75}","{'tp': 3, 'fp': 1, 'fn': 1}","{'p': 0.75, 'r': 0.75, 'f1': 0.75}","{'tp': 3, 'fp': 1, 'fn': 1}","{'p': 1.0, 'r': 0.75, 'f1': 0.86}","{'tp': 3, 'fp': 0, 'fn': 1}","{'p': 1.0, 'r': 0.5, 'f1': 0.67}","{'tp': 2, 'fp': 0, 'fn': 2}","{'p': 0.75, 'r': 0.75, 'f1': 0.75}","{'tp': 3, 'fp': 1, 'fn': 1}","{'p': 0.75, 'r': 0.75, 'f1': 0.75}","{'tp': 3, 'fp': 1, 'fn': 1}","{'p': 1.0, 'r': 0.75, 'f1': 0.86}","{'tp': 3, 'fp': 0, 'fn': 1}","{'p': 1.0, 'r': 0.5, 'f1': 0.67}","{'tp': 2, 'fp': 0, 'fn': 2}"
19,NCT05375240,antibiotics|adrenergic β-receptor blocker|propranolol,antibiotics|propranolol|adrenergic β-receptor blocker,anti|pro|propranolol|adrenergic β-receptor blocker,propranolol,ceftriaxone|propranolol,"{'p': 1.0, 'r': 1.0, 'f1': 1.0}","{'tp': 3, 'fp': 0, 'fn': 0}","{'p': 0.5, 'r': 0.67, 'f1': 0.57}","{'tp': 2, 'fp': 2, 'fn': 1}","{'p': 1.0, 'r': 0.33, 'f1': 0.5}","{'tp': 1, 'fp': 0, 'fn': 2}","{'p': 0.5, 'r': 0.33, 'f1': 0.4}","{'tp': 1, 'fp': 1, 'fn': 2}","{'p': 1.0, 'r': 1.0, 'f1': 1.0}","{'tp': 3, 'fp': 0, 'fn': 0}","{'p': 0.5, 'r': 0.67, 'f1': 0.57}","{'tp': 2, 'fp': 2, 'fn': 1}","{'p': 1.0, 'r': 0.33, 'f1': 0.5}","{'tp': 1, 'fp': 0, 'fn': 2}","{'p': 0.5, 'r': 0.33, 'f1': 0.4}","{'tp': 1, 'fp': 1, 'fn': 2}"
20,NCT03546517,,,,,,"{'p': 0, 'r': 0, 'f1': 0}","{'tp': 0, 'fp': 0, 'fn': 0}","{'p': 0, 'r': 0, 'f1': 0}","{'tp': 0, 'fp': 0, 'fn': 0}","{'p': 0, 'r': 0, 'f1': 0}","{'tp': 0, 'fp': 0, 'fn': 0}","{'p': 0, 'r': 0, 'f1': 0}","{'tp': 0, 'fp': 0, 'fn': 0}","{'p': 0, 'r': 0, 'f1': 0}","{'tp': 0, 'fp': 0, 'fn': 0}","{'p': 0, 'r': 0, 'f1': 0}","{'tp': 0, 'fp': 0, 'fn': 0}","{'p': 0, 'r': 0, 'f1': 0}","{'tp': 0, 'fp': 0, 'fn': 0}","{'p': 0, 'r': 0, 'f1': 0}","{'tp': 0, 'fp': 0, 'fn': 0}"
21,NCT04433377,,,,suprascapular nerve block|subacromial injection,,"{'p': 0, 'r': 0, 'f1': 0}","{'tp': 0, 'fp': 0, 'fn': 0}","{'p': 0, 'r': 0, 'f1': 0}","{'tp': 0, 'fp': 0, 'fn': 0}","{'p': 0.0, 'r': 0.0, 'f1': 0}","{'tp': 0, 'fp': 2, 'fn': 1}","{'p': 0, 'r': 0, 'f1': 0}","{'tp': 0, 'fp': 0, 'fn': 0}","{'p': 0, 'r': 0, 'f1': 0}","{'tp': 0, 'fp': 0, 'fn': 0}","{'p': 0, 'r': 0, 'f1': 0}","{'tp': 0, 'fp': 0, 'fn': 0}","{'p': 0.0, 'r': 0.0, 'f1': 0}","{'tp': 0, 'fp': 2, 'fn': 1}","{'p': 0, 'r': 0, 'f1': 0}","{'tp': 0, 'fp': 0, 'fn': 0}"
22,NCT05669885,,phosphodiesterase 5 inhibitor|sildenafil,phosphodiesterase 5 inhibitor|phosphodiesterase 5 inhibition,sildenafil,sildenafil,"{'p': 0.0, 'r': 0.0, 'f1': 0}","{'tp': 0, 'fp': 2, 'fn': 1}","{'p': 0.0, 'r': 0.0, 'f1': 0}","{'tp': 0, 'fp': 2, 'fn': 1}","{'p': 0.0, 'r': 0.0, 'f1': 0}","{'tp': 0, 'fp': 1, 'fn': 1}","{'p': 0.0, 'r': 0.0, 'f1': 0}","{'tp': 0, 'fp': 1, 'fn': 1}","{'p': 0.0, 'r': 0.0, 'f1': 0}","{'tp': 0, 'fp': 2, 'fn': 1}","{'p': 0.0, 'r': 0.0, 'f1': 0}","{'tp': 0, 'fp': 2, 'fn': 1}","{'p': 0.0, 'r': 0.0, 'f1': 0}","{'tp': 0, 'fp': 1, 'fn': 1}","{'p': 0.0, 'r': 0.0, 'f1': 0}","{'tp': 0, 'fp': 1, 'fn': 1}"
23,NCT00101634,paliperidone palmitate,soybean oil|paliperidone palmitate,paliperidone palmitate,paliperidone palmitate,paliperidone palmitate,"{'p': 0.5, 'r': 1.0, 'f1': 0.67}","{'tp': 1, 'fp': 1, 'fn': 0}","{'p': 1.0, 'r': 1.0, 'f1': 1.0}","{'tp': 1, 'fp': 0, 'fn': 0}","{'p': 1.0, 'r': 1.0, 'f1': 1.0}","{'tp': 1, 'fp': 0, 'fn': 0}","{'p': 1.0, 'r': 1.0, 'f1': 1.0}","{'tp': 1, 'fp': 0, 'fn': 0}","{'p': 0.5, 'r': 1.0, 'f1': 0.67}","{'tp': 1, 'fp': 1, 'fn': 0}","{'p': 1.0, 'r': 1.0, 'f1': 1.0}","{'tp': 1, 'fp': 0, 'fn': 0}","{'p': 1.0, 'r': 1.0, 'f1': 1.0}","{'tp': 1, 'fp': 0, 'fn': 0}","{'p': 1.0, 'r': 1.0, 'f1': 1.0}","{'tp': 1, 'fp': 0, 'fn': 0}"
24,NCT05473676,,,,trexo robotic gait trainers,,"{'p': 0, 'r': 0, 'f1': 0}","{'tp': 0, 'fp': 0, 'fn': 0}","{'p': 0, 'r': 0, 'f1': 0}","{'tp': 0, 'fp': 0, 'fn': 0}","{'p': 0.0, 'r': 0.0, 'f1': 0}","{'tp': 0, 'fp': 1, 'fn': 1}","{'p': 0, 'r': 0, 'f1': 0}","{'tp': 0, 'fp': 0, 'fn': 0}","{'p': 0, 'r': 0, 'f1': 0}","{'tp': 0, 'fp': 0, 'fn': 0}","{'p': 0, 'r': 0, 'f1': 0}","{'tp': 0, 'fp': 0, 'fn': 0}","{'p': 0.0, 'r': 0.0, 'f1': 0}","{'tp': 0, 'fp': 1, 'fn': 1}","{'p': 0, 'r': 0, 'f1': 0}","{'tp': 0, 'fp': 0, 'fn': 0}"
25,NCT01962779,,,,sleep disordered breathing (sdb)|cerebrospinal fluid (csf) phosphorylated-tau (p-tau)|total-tau (t-tau)|medial temporal lobe glucose uptake (fdg-pet)|volume (mri)|alzheimer's disease (ad)|nasal continuous positive airway pressure (cpap),,"{'p': 0, 'r': 0, 'f1': 0}","{'tp': 0, 'fp': 0, 'fn': 0}","{'p': 0, 'r': 0, 'f1': 0}","{'tp': 0, 'fp': 0, 'fn': 0}","{'p': 0.0, 'r': 0.0, 'f1': 0}","{'tp': 0, 'fp': 7, 'fn': 1}","{'p': 0, 'r': 0, 'f1': 0}","{'tp': 0, 'fp': 0, 'fn': 0}","{'p': 0, 'r': 0, 'f1': 0}","{'tp': 0, 'fp': 0, 'fn': 0}","{'p': 0, 'r': 0, 'f1': 0}","{'tp': 0, 'fp': 0, 'fn': 0}","{'p': 0.0, 'r': 0.0, 'f1': 0}","{'tp': 0, 'fp': 7, 'fn': 1}","{'p': 0, 'r': 0, 'f1': 0}","{'tp': 0, 'fp': 0, 'fn': 0}"
26,NCT03714217,,,,youate,,"{'p': 0, 'r': 0, 'f1': 0}","{'tp': 0, 'fp': 0, 'fn': 0}","{'p': 0, 'r': 0, 'f1': 0}","{'tp': 0, 'fp': 0, 'fn': 0}","{'p': 0.0, 'r': 0.0, 'f1': 0}","{'tp': 0, 'fp': 1, 'fn': 1}","{'p': 0, 'r': 0, 'f1': 0}","{'tp': 0, 'fp': 0, 'fn': 0}","{'p': 0, 'r': 0, 'f1': 0}","{'tp': 0, 'fp': 0, 'fn': 0}","{'p': 0, 'r': 0, 'f1': 0}","{'tp': 0, 'fp': 0, 'fn': 0}","{'p': 0.0, 'r': 0.0, 'f1': 0}","{'tp': 0, 'fp': 1, 'fn': 1}","{'p': 0, 'r': 0, 'f1': 0}","{'tp': 0, 'fp': 0, 'fn': 0}"
27,NCT00822198,,,,plantar vibration|peripheral neuropathy,,"{'p': 0, 'r': 0, 'f1': 0}","{'tp': 0, 'fp': 0, 'fn': 0}","{'p': 0, 'r': 0, 'f1': 0}","{'tp': 0, 'fp': 0, 'fn': 0}","{'p': 0.0, 'r': 0.0, 'f1': 0}","{'tp': 0, 'fp': 2, 'fn': 1}","{'p': 0, 'r': 0, 'f1': 0}","{'tp': 0, 'fp': 0, 'fn': 0}","{'p': 0, 'r': 0, 'f1': 0}","{'tp': 0, 'fp': 0, 'fn': 0}","{'p': 0, 'r': 0, 'f1': 0}","{'tp': 0, 'fp': 0, 'fn': 0}","{'p': 0.0, 'r': 0.0, 'f1': 0}","{'tp': 0, 'fp': 2, 'fn': 1}","{'p': 0, 'r': 0, 'f1': 0}","{'tp': 0, 'fp': 0, 'fn': 0}"
28,NCT02647242,,,,beathealth,,"{'p': 0, 'r': 0, 'f1': 0}","{'tp': 0, 'fp': 0, 'fn': 0}","{'p': 0, 'r': 0, 'f1': 0}","{'tp': 0, 'fp': 0, 'fn': 0}","{'p': 0.0, 'r': 0.0, 'f1': 0}","{'tp': 0, 'fp': 1, 'fn': 1}","{'p': 0, 'r': 0, 'f1': 0}","{'tp': 0, 'fp': 0, 'fn': 0}","{'p': 0, 'r': 0, 'f1': 0}","{'tp': 0, 'fp': 0, 'fn': 0}","{'p': 0, 'r': 0, 'f1': 0}","{'tp': 0, 'fp': 0, 'fn': 0}","{'p': 0.0, 'r': 0.0, 'f1': 0}","{'tp': 0, 'fp': 1, 'fn': 1}","{'p': 0, 'r': 0, 'f1': 0}","{'tp': 0, 'fp': 0, 'fn': 0}"
29,NCT01118637,,,,stepped care in the treatment of trichotillomania,,"{'p': 0, 'r': 0, 'f1': 0}","{'tp': 0, 'fp': 0, 'fn': 0}","{'p': 0, 'r': 0, 'f1': 0}","{'tp': 0, 'fp': 0, 'fn': 0}","{'p': 0.0, 'r': 0.0, 'f1': 0}","{'tp': 0, 'fp': 1, 'fn': 1}","{'p': 0, 'r': 0, 'f1': 0}","{'tp': 0, 'fp': 0, 'fn': 0}","{'p': 0, 'r': 0, 'f1': 0}","{'tp': 0, 'fp': 0, 'fn': 0}","{'p': 0, 'r': 0, 'f1': 0}","{'tp': 0, 'fp': 0, 'fn': 0}","{'p': 0.0, 'r': 0.0, 'f1': 0}","{'tp': 0, 'fp': 1, 'fn': 1}","{'p': 0, 'r': 0, 'f1': 0}","{'tp': 0, 'fp': 0, 'fn': 0}"
30,NCT05513794,,,,neurimelanin,,"{'p': 0, 'r': 0, 'f1': 0}","{'tp': 0, 'fp': 0, 'fn': 0}","{'p': 0, 'r': 0, 'f1': 0}","{'tp': 0, 'fp': 0, 'fn': 0}","{'p': 0.0, 'r': 0.0, 'f1': 0}","{'tp': 0, 'fp': 1, 'fn': 1}","{'p': 0, 'r': 0, 'f1': 0}","{'tp': 0, 'fp': 0, 'fn': 0}","{'p': 0, 'r': 0, 'f1': 0}","{'tp': 0, 'fp': 0, 'fn': 0}","{'p': 0, 'r': 0, 'f1': 0}","{'tp': 0, 'fp': 0, 'fn': 0}","{'p': 0.0, 'r': 0.0, 'f1': 0}","{'tp': 0, 'fp': 1, 'fn': 1}","{'p': 0, 'r': 0, 'f1': 0}","{'tp': 0, 'fp': 0, 'fn': 0}"
31,NCT03177967,,,,cbt-i|sleep-hygiene based educational course,,"{'p': 0, 'r': 0, 'f1': 0}","{'tp': 0, 'fp': 0, 'fn': 0}","{'p': 0, 'r': 0, 'f1': 0}","{'tp': 0, 'fp': 0, 'fn': 0}","{'p': 0.0, 'r': 0.0, 'f1': 0}","{'tp': 0, 'fp': 2, 'fn': 1}","{'p': 0, 'r': 0, 'f1': 0}","{'tp': 0, 'fp': 0, 'fn': 0}","{'p': 0, 'r': 0, 'f1': 0}","{'tp': 0, 'fp': 0, 'fn': 0}","{'p': 0, 'r': 0, 'f1': 0}","{'tp': 0, 'fp': 0, 'fn': 0}","{'p': 0.0, 'r': 0.0, 'f1': 0}","{'tp': 0, 'fp': 2, 'fn': 1}","{'p': 0, 'r': 0, 'f1': 0}","{'tp': 0, 'fp': 0, 'fn': 0}"
32,NCT00455507,kw-6002|istradefylline,levodopa|istradefylline|kw-6002,levodopa|istradefylline|kw-6002,kw-6002|istradefylline,istradefylline,"{'p': 0.67, 'r': 1.0, 'f1': 0.8}","{'tp': 2, 'fp': 1, 'fn': 0}","{'p': 0.67, 'r': 1.0, 'f1': 0.8}","{'tp': 2, 'fp': 1, 'fn': 0}","{'p': 1.0, 'r': 1.0, 'f1': 1.0}","{'tp': 2, 'fp': 0, 'fn': 0}","{'p': 1.0, 'r': 0.5, 'f1': 0.67}","{'tp': 1, 'fp': 0, 'fn': 1}","{'p': 0.67, 'r': 1.0, 'f1': 0.8}","{'tp': 2, 'fp': 1, 'fn': 0}","{'p': 0.67, 'r': 1.0, 'f1': 0.8}","{'tp': 2, 'fp': 1, 'fn': 0}","{'p': 1.0, 'r': 1.0, 'f1': 1.0}","{'tp': 2, 'fp': 0, 'fn': 0}","{'p': 1.0, 'r': 0.5, 'f1': 0.67}","{'tp': 1, 'fp': 0, 'fn': 1}"
33,NCT03562351,,,midazola|diazep,diazepam|midazolam|lorazepam,,"{'p': 0, 'r': 0, 'f1': 0}","{'tp': 0, 'fp': 0, 'fn': 0}","{'p': 0.0, 'r': 0.0, 'f1': 0}","{'tp': 0, 'fp': 2, 'fn': 1}","{'p': 0.0, 'r': 0.0, 'f1': 0}","{'tp': 0, 'fp': 3, 'fn': 1}","{'p': 0, 'r': 0, 'f1': 0}","{'tp': 0, 'fp': 0, 'fn': 0}","{'p': 0, 'r': 0, 'f1': 0}","{'tp': 0, 'fp': 0, 'fn': 0}","{'p': 0.0, 'r': 0.0, 'f1': 0}","{'tp': 0, 'fp': 2, 'fn': 1}","{'p': 0.0, 'r': 0.0, 'f1': 0}","{'tp': 0, 'fp': 3, 'fn': 1}","{'p': 0, 'r': 0, 'f1': 0}","{'tp': 0, 'fp': 0, 'fn': 0}"
34,NCT05679505,,,,vagus nerve stimulation,,"{'p': 0, 'r': 0, 'f1': 0}","{'tp': 0, 'fp': 0, 'fn': 0}","{'p': 0, 'r': 0, 'f1': 0}","{'tp': 0, 'fp': 0, 'fn': 0}","{'p': 0.0, 'r': 0.0, 'f1': 0}","{'tp': 0, 'fp': 1, 'fn': 1}","{'p': 0, 'r': 0, 'f1': 0}","{'tp': 0, 'fp': 0, 'fn': 0}","{'p': 0, 'r': 0, 'f1': 0}","{'tp': 0, 'fp': 0, 'fn': 0}","{'p': 0, 'r': 0, 'f1': 0}","{'tp': 0, 'fp': 0, 'fn': 0}","{'p': 0.0, 'r': 0.0, 'f1': 0}","{'tp': 0, 'fp': 1, 'fn': 1}","{'p': 0, 'r': 0, 'f1': 0}","{'tp': 0, 'fp': 0, 'fn': 0}"
35,NCT05527314,sevoflurane|remimazolam|benzodiazepines,benzodiazepines|sevoflurane|midazolam|propofol|remimazolam,ben|flumazenil|remimazolam,remimazolam|sevoflurane,cisatracurium besylate|fentanyl|remifentanil|remimazolam|sevoflurane,"{'p': 0.6, 'r': 1.0, 'f1': 0.75}","{'tp': 3, 'fp': 2, 'fn': 0}","{'p': 0.33, 'r': 0.33, 'f1': 0.33}","{'tp': 1, 'fp': 2, 'fn': 2}","{'p': 1.0, 'r': 0.67, 'f1': 0.8}","{'tp': 2, 'fp': 0, 'fn': 1}","{'p': 0.4, 'r': 0.67, 'f1': 0.5}","{'tp': 2, 'fp': 3, 'fn': 1}","{'p': 0.6, 'r': 1.0, 'f1': 0.75}","{'tp': 3, 'fp': 2, 'fn': 0}","{'p': 0.33, 'r': 0.33, 'f1': 0.33}","{'tp': 1, 'fp': 2, 'fn': 2}","{'p': 1.0, 'r': 0.67, 'f1': 0.8}","{'tp': 2, 'fp': 0, 'fn': 1}","{'p': 0.4, 'r': 0.67, 'f1': 0.5}","{'tp': 2, 'fp': 3, 'fn': 1}"
36,NCT03953131,,,,68ga-dotatate|gallium ga 68-dotatate,,"{'p': 0, 'r': 0, 'f1': 0}","{'tp': 0, 'fp': 0, 'fn': 0}","{'p': 0, 'r': 0, 'f1': 0}","{'tp': 0, 'fp': 0, 'fn': 0}","{'p': 0.0, 'r': 0.0, 'f1': 0}","{'tp': 0, 'fp': 2, 'fn': 1}","{'p': 0, 'r': 0, 'f1': 0}","{'tp': 0, 'fp': 0, 'fn': 0}","{'p': 0, 'r': 0, 'f1': 0}","{'tp': 0, 'fp': 0, 'fn': 0}","{'p': 0, 'r': 0, 'f1': 0}","{'tp': 0, 'fp': 0, 'fn': 0}","{'p': 0.0, 'r': 0.0, 'f1': 0}","{'tp': 0, 'fp': 2, 'fn': 1}","{'p': 0, 'r': 0, 'f1': 0}","{'tp': 0, 'fp': 0, 'fn': 0}"
37,NCT00300222,ngx-4010,ngx-4010,ngx-4010,ngx-4010,ngx-4010,"{'p': 1.0, 'r': 1.0, 'f1': 1.0}","{'tp': 1, 'fp': 0, 'fn': 0}","{'p': 1.0, 'r': 1.0, 'f1': 1.0}","{'tp': 1, 'fp': 0, 'fn': 0}","{'p': 1.0, 'r': 1.0, 'f1': 1.0}","{'tp': 1, 'fp': 0, 'fn': 0}","{'p': 1.0, 'r': 1.0, 'f1': 1.0}","{'tp': 1, 'fp': 0, 'fn': 0}","{'p': 1.0, 'r': 1.0, 'f1': 1.0}","{'tp': 1, 'fp': 0, 'fn': 0}","{'p': 1.0, 'r': 1.0, 'f1': 1.0}","{'tp': 1, 'fp': 0, 'fn': 0}","{'p': 1.0, 'r': 1.0, 'f1': 1.0}","{'tp': 1, 'fp': 0, 'fn': 0}","{'p': 1.0, 'r': 1.0, 'f1': 1.0}","{'tp': 1, 'fp': 0, 'fn': 0}"
38,NCT00247533,,,,cabg|pci|ecg|eeg,,"{'p': 0, 'r': 0, 'f1': 0}","{'tp': 0, 'fp': 0, 'fn': 0}","{'p': 0, 'r': 0, 'f1': 0}","{'tp': 0, 'fp': 0, 'fn': 0}","{'p': 0.0, 'r': 0.0, 'f1': 0}","{'tp': 0, 'fp': 4, 'fn': 1}","{'p': 0, 'r': 0, 'f1': 0}","{'tp': 0, 'fp': 0, 'fn': 0}","{'p': 0, 'r': 0, 'f1': 0}","{'tp': 0, 'fp': 0, 'fn': 0}","{'p': 0, 'r': 0, 'f1': 0}","{'tp': 0, 'fp': 0, 'fn': 0}","{'p': 0.0, 'r': 0.0, 'f1': 0}","{'tp': 0, 'fp': 4, 'fn': 1}","{'p': 0, 'r': 0, 'f1': 0}","{'tp': 0, 'fp': 0, 'fn': 0}"
39,NCT03317171,dha-|flavonoids|icosapent|omega3s|flavonoids-,"flavonoids -, dha-and epa|omega3s-based compound|flavonoids",icosapent|omega3s|doconexent|flavonoids,flavonoidi|acidi grassi naturali|doconexent|icosapent,,"{'p': 0.33, 'r': 0.2, 'f1': 0.25}","{'tp': 1, 'fp': 2, 'fn': 4}","{'p': 0.75, 'r': 0.6, 'f1': 0.67}","{'tp': 3, 'fp': 1, 'fn': 2}","{'p': 0.25, 'r': 0.2, 'f1': 0.22}","{'tp': 1, 'fp': 3, 'fn': 4}","{'p': 0.0, 'r': 0.0, 'f1': 0}","{'tp': 0, 'fp': 1, 'fn': 5}","{'p': 0.5, 'r': 0.2, 'f1': 0.29}","{'tp': 1, 'fp': 1, 'fn': 4}","{'p': 0.75, 'r': 0.6, 'f1': 0.67}","{'tp': 3, 'fp': 1, 'fn': 2}","{'p': 0.25, 'r': 0.2, 'f1': 0.22}","{'tp': 1, 'fp': 3, 'fn': 4}","{'p': 0.0, 'r': 0.0, 'f1': 0}","{'tp': 0, 'fp': 1, 'fn': 5}"
40,NCT01829009,,,,resistance exercise group|general recommendations group,,"{'p': 0, 'r': 0, 'f1': 0}","{'tp': 0, 'fp': 0, 'fn': 0}","{'p': 0, 'r': 0, 'f1': 0}","{'tp': 0, 'fp': 0, 'fn': 0}","{'p': 0.0, 'r': 0.0, 'f1': 0}","{'tp': 0, 'fp': 2, 'fn': 1}","{'p': 0, 'r': 0, 'f1': 0}","{'tp': 0, 'fp': 0, 'fn': 0}","{'p': 0, 'r': 0, 'f1': 0}","{'tp': 0, 'fp': 0, 'fn': 0}","{'p': 0, 'r': 0, 'f1': 0}","{'tp': 0, 'fp': 0, 'fn': 0}","{'p': 0.0, 'r': 0.0, 'f1': 0}","{'tp': 0, 'fp': 2, 'fn': 1}","{'p': 0, 'r': 0, 'f1': 0}","{'tp': 0, 'fp': 0, 'fn': 0}"
41,NCT02899858,,,,isms,,"{'p': 0, 'r': 0, 'f1': 0}","{'tp': 0, 'fp': 0, 'fn': 0}","{'p': 0, 'r': 0, 'f1': 0}","{'tp': 0, 'fp': 0, 'fn': 0}","{'p': 0.0, 'r': 0.0, 'f1': 0}","{'tp': 0, 'fp': 1, 'fn': 1}","{'p': 0, 'r': 0, 'f1': 0}","{'tp': 0, 'fp': 0, 'fn': 0}","{'p': 0, 'r': 0, 'f1': 0}","{'tp': 0, 'fp': 0, 'fn': 0}","{'p': 0, 'r': 0, 'f1': 0}","{'tp': 0, 'fp': 0, 'fn': 0}","{'p': 0.0, 'r': 0.0, 'f1': 0}","{'tp': 0, 'fp': 1, 'fn': 1}","{'p': 0, 'r': 0, 'f1': 0}","{'tp': 0, 'fp': 0, 'fn': 0}"
42,NCT04709029,dexamethazzoe|dexamethazone|bupivacaine,dexamethazzoe|dexamethazone|bupivacaine,bupivaca|dexamethazzoe|dexamethazone|heavy bupivacaine,intravenous dexamethazzoe 8 mg|intrathecal heavy bupivacaine 0.5%|intrathecal 4mg dexamethazone|intrathecal heavy bupivacaine 0.5%,dexamethasone intrathecal|dexamethasone intravenous,"{'p': 1.0, 'r': 1.0, 'f1': 1.0}","{'tp': 3, 'fp': 0, 'fn': 0}","{'p': 0.5, 'r': 0.67, 'f1': 0.57}","{'tp': 2, 'fp': 2, 'fn': 1}","{'p': 0.0, 'r': 0.0, 'f1': 0}","{'tp': 0, 'fp': 3, 'fn': 3}","{'p': 0.0, 'r': 0.0, 'f1': 0}","{'tp': 0, 'fp': 2, 'fn': 3}","{'p': 1.0, 'r': 1.0, 'f1': 1.0}","{'tp': 3, 'fp': 0, 'fn': 0}","{'p': 0.75, 'r': 1.0, 'f1': 0.86}","{'tp': 3, 'fp': 1, 'fn': 0}","{'p': 1.0, 'r': 1.0, 'f1': 1.0}","{'tp': 3, 'fp': 0, 'fn': 0}","{'p': 0.0, 'r': 0.0, 'f1': 0}","{'tp': 0, 'fp': 2, 'fn': 3}"
43,NCT00537940,gabapentin|pregabalin,gabapentin|pregabalin,gabapentin|pregabalin,pregabalin|gabapentin,gabapentin|pregabalin,"{'p': 1.0, 'r': 1.0, 'f1': 1.0}","{'tp': 2, 'fp': 0, 'fn': 0}","{'p': 1.0, 'r': 1.0, 'f1': 1.0}","{'tp': 2, 'fp': 0, 'fn': 0}","{'p': 1.0, 'r': 1.0, 'f1': 1.0}","{'tp': 2, 'fp': 0, 'fn': 0}","{'p': 1.0, 'r': 1.0, 'f1': 1.0}","{'tp': 2, 'fp': 0, 'fn': 0}","{'p': 1.0, 'r': 1.0, 'f1': 1.0}","{'tp': 2, 'fp': 0, 'fn': 0}","{'p': 1.0, 'r': 1.0, 'f1': 1.0}","{'tp': 2, 'fp': 0, 'fn': 0}","{'p': 1.0, 'r': 1.0, 'f1': 1.0}","{'tp': 2, 'fp': 0, 'fn': 0}","{'p': 1.0, 'r': 1.0, 'f1': 1.0}","{'tp': 2, 'fp': 0, 'fn': 0}"
44,NCT02892097,,,,tdcs|rtp,,"{'p': 0, 'r': 0, 'f1': 0}","{'tp': 0, 'fp': 0, 'fn': 0}","{'p': 0, 'r': 0, 'f1': 0}","{'tp': 0, 'fp': 0, 'fn': 0}","{'p': 0.0, 'r': 0.0, 'f1': 0}","{'tp': 0, 'fp': 2, 'fn': 1}","{'p': 0, 'r': 0, 'f1': 0}","{'tp': 0, 'fp': 0, 'fn': 0}","{'p': 0, 'r': 0, 'f1': 0}","{'tp': 0, 'fp': 0, 'fn': 0}","{'p': 0, 'r': 0, 'f1': 0}","{'tp': 0, 'fp': 0, 'fn': 0}","{'p': 0.0, 'r': 0.0, 'f1': 0}","{'tp': 0, 'fp': 2, 'fn': 1}","{'p': 0, 'r': 0, 'f1': 0}","{'tp': 0, 'fp': 0, 'fn': 0}"
45,NCT05539287,,,,lactobacillus probiotic,lactobacillus-based capsule,"{'p': 0, 'r': 0, 'f1': 0}","{'tp': 0, 'fp': 0, 'fn': 0}","{'p': 0, 'r': 0, 'f1': 0}","{'tp': 0, 'fp': 0, 'fn': 0}","{'p': 0.0, 'r': 0.0, 'f1': 0}","{'tp': 0, 'fp': 1, 'fn': 1}","{'p': 0.0, 'r': 0.0, 'f1': 0}","{'tp': 0, 'fp': 1, 'fn': 1}","{'p': 0, 'r': 0, 'f1': 0}","{'tp': 0, 'fp': 0, 'fn': 0}","{'p': 0, 'r': 0, 'f1': 0}","{'tp': 0, 'fp': 0, 'fn': 0}","{'p': 0.0, 'r': 0.0, 'f1': 0}","{'tp': 0, 'fp': 1, 'fn': 1}","{'p': 0.0, 'r': 0.0, 'f1': 0}","{'tp': 0, 'fp': 1, 'fn': 1}"
46,NCT01726998,,,,lokomat,,"{'p': 0, 'r': 0, 'f1': 0}","{'tp': 0, 'fp': 0, 'fn': 0}","{'p': 0, 'r': 0, 'f1': 0}","{'tp': 0, 'fp': 0, 'fn': 0}","{'p': 0.0, 'r': 0.0, 'f1': 0}","{'tp': 0, 'fp': 1, 'fn': 1}","{'p': 0, 'r': 0, 'f1': 0}","{'tp': 0, 'fp': 0, 'fn': 0}","{'p': 0, 'r': 0, 'f1': 0}","{'tp': 0, 'fp': 0, 'fn': 0}","{'p': 0, 'r': 0, 'f1': 0}","{'tp': 0, 'fp': 0, 'fn': 0}","{'p': 0.0, 'r': 0.0, 'f1': 0}","{'tp': 0, 'fp': 1, 'fn': 1}","{'p': 0, 'r': 0, 'f1': 0}","{'tp': 0, 'fp': 0, 'fn': 0}"
47,NCT02583386,,,,comprehensive fall prevention and detection in multiple sclerosis,,"{'p': 0, 'r': 0, 'f1': 0}","{'tp': 0, 'fp': 0, 'fn': 0}","{'p': 0, 'r': 0, 'f1': 0}","{'tp': 0, 'fp': 0, 'fn': 0}","{'p': 0.0, 'r': 0.0, 'f1': 0}","{'tp': 0, 'fp': 1, 'fn': 1}","{'p': 0, 'r': 0, 'f1': 0}","{'tp': 0, 'fp': 0, 'fn': 0}","{'p': 0, 'r': 0, 'f1': 0}","{'tp': 0, 'fp': 0, 'fn': 0}","{'p': 0, 'r': 0, 'f1': 0}","{'tp': 0, 'fp': 0, 'fn': 0}","{'p': 0.0, 'r': 0.0, 'f1': 0}","{'tp': 0, 'fp': 1, 'fn': 1}","{'p': 0, 'r': 0, 'f1': 0}","{'tp': 0, 'fp': 0, 'fn': 0}"
48,NCT00248222,,,,,,"{'p': 0, 'r': 0, 'f1': 0}","{'tp': 0, 'fp': 0, 'fn': 0}","{'p': 0, 'r': 0, 'f1': 0}","{'tp': 0, 'fp': 0, 'fn': 0}","{'p': 0, 'r': 0, 'f1': 0}","{'tp': 0, 'fp': 0, 'fn': 0}","{'p': 0, 'r': 0, 'f1': 0}","{'tp': 0, 'fp': 0, 'fn': 0}","{'p': 0, 'r': 0, 'f1': 0}","{'tp': 0, 'fp': 0, 'fn': 0}","{'p': 0, 'r': 0, 'f1': 0}","{'tp': 0, 'fp': 0, 'fn': 0}","{'p': 0, 'r': 0, 'f1': 0}","{'tp': 0, 'fp': 0, 'fn': 0}","{'p': 0, 'r': 0, 'f1': 0}","{'tp': 0, 'fp': 0, 'fn': 0}"
49,NCT01732289,,,,,,"{'p': 0, 'r': 0, 'f1': 0}","{'tp': 0, 'fp': 0, 'fn': 0}","{'p': 0, 'r': 0, 'f1': 0}","{'tp': 0, 'fp': 0, 'fn': 0}","{'p': 0, 'r': 0, 'f1': 0}","{'tp': 0, 'fp': 0, 'fn': 0}","{'p': 0, 'r': 0, 'f1': 0}","{'tp': 0, 'fp': 0, 'fn': 0}","{'p': 0, 'r': 0, 'f1': 0}","{'tp': 0, 'fp': 0, 'fn': 0}","{'p': 0, 'r': 0, 'f1': 0}","{'tp': 0, 'fp': 0, 'fn': 0}","{'p': 0, 'r': 0, 'f1': 0}","{'tp': 0, 'fp': 0, 'fn': 0}","{'p': 0, 'r': 0, 'f1': 0}","{'tp': 0, 'fp': 0, 'fn': 0}"
50,NCT05527587,,,,nature connections park visit program,,"{'p': 0, 'r': 0, 'f1': 0}","{'tp': 0, 'fp': 0, 'fn': 0}","{'p': 0, 'r': 0, 'f1': 0}","{'tp': 0, 'fp': 0, 'fn': 0}","{'p': 0.0, 'r': 0.0, 'f1': 0}","{'tp': 0, 'fp': 1, 'fn': 1}","{'p': 0, 'r': 0, 'f1': 0}","{'tp': 0, 'fp': 0, 'fn': 0}","{'p': 0, 'r': 0, 'f1': 0}","{'tp': 0, 'fp': 0, 'fn': 0}","{'p': 0, 'r': 0, 'f1': 0}","{'tp': 0, 'fp': 0, 'fn': 0}","{'p': 0.0, 'r': 0.0, 'f1': 0}","{'tp': 0, 'fp': 1, 'fn': 1}","{'p': 0, 'r': 0, 'f1': 0}","{'tp': 0, 'fp': 0, 'fn': 0}"
51,NCT05622396,,,,mindfulness meditation|mindfulness based stress reduction (mbsr),,"{'p': 0, 'r': 0, 'f1': 0}","{'tp': 0, 'fp': 0, 'fn': 0}","{'p': 0, 'r': 0, 'f1': 0}","{'tp': 0, 'fp': 0, 'fn': 0}","{'p': 0.0, 'r': 0.0, 'f1': 0}","{'tp': 0, 'fp': 2, 'fn': 1}","{'p': 0, 'r': 0, 'f1': 0}","{'tp': 0, 'fp': 0, 'fn': 0}","{'p': 0, 'r': 0, 'f1': 0}","{'tp': 0, 'fp': 0, 'fn': 0}","{'p': 0, 'r': 0, 'f1': 0}","{'tp': 0, 'fp': 0, 'fn': 0}","{'p': 0.0, 'r': 0.0, 'f1': 0}","{'tp': 0, 'fp': 2, 'fn': 1}","{'p': 0, 'r': 0, 'f1': 0}","{'tp': 0, 'fp': 0, 'fn': 0}"
52,NCT02462629,blz-100,blz-100,blz-100,blz-100,blz-100,"{'p': 1.0, 'r': 1.0, 'f1': 1.0}","{'tp': 1, 'fp': 0, 'fn': 0}","{'p': 1.0, 'r': 1.0, 'f1': 1.0}","{'tp': 1, 'fp': 0, 'fn': 0}","{'p': 1.0, 'r': 1.0, 'f1': 1.0}","{'tp': 1, 'fp': 0, 'fn': 0}","{'p': 1.0, 'r': 1.0, 'f1': 1.0}","{'tp': 1, 'fp': 0, 'fn': 0}","{'p': 1.0, 'r': 1.0, 'f1': 1.0}","{'tp': 1, 'fp': 0, 'fn': 0}","{'p': 1.0, 'r': 1.0, 'f1': 1.0}","{'tp': 1, 'fp': 0, 'fn': 0}","{'p': 1.0, 'r': 1.0, 'f1': 1.0}","{'tp': 1, 'fp': 0, 'fn': 0}","{'p': 1.0, 'r': 1.0, 'f1': 1.0}","{'tp': 1, 'fp': 0, 'fn': 0}"
53,NCT01966172,,,,multimodal opiate-sparing analgesia|traditional opiate based analgesia,gabapentin|ibuprofen|morphine|acetaminophen|paracetamol,"{'p': 0, 'r': 0, 'f1': 0}","{'tp': 0, 'fp': 0, 'fn': 0}","{'p': 0, 'r': 0, 'f1': 0}","{'tp': 0, 'fp': 0, 'fn': 0}","{'p': 0.0, 'r': 0.0, 'f1': 0}","{'tp': 0, 'fp': 2, 'fn': 1}","{'p': 0.0, 'r': 0.0, 'f1': 0}","{'tp': 0, 'fp': 5, 'fn': 1}","{'p': 0, 'r': 0, 'f1': 0}","{'tp': 0, 'fp': 0, 'fn': 0}","{'p': 0, 'r': 0, 'f1': 0}","{'tp': 0, 'fp': 0, 'fn': 0}","{'p': 0.0, 'r': 0.0, 'f1': 0}","{'tp': 0, 'fp': 2, 'fn': 1}","{'p': 0.0, 'r': 0.0, 'f1': 0}","{'tp': 0, 'fp': 5, 'fn': 1}"
54,NCT03119246,,,,"- repair-hd
- capit-hd beta
- capit-hd2

the drug names are separated by the|symbol.",,"{'p': 0, 'r': 0, 'f1': 0}","{'tp': 0, 'fp': 0, 'fn': 0}","{'p': 0, 'r': 0, 'f1': 0}","{'tp': 0, 'fp': 0, 'fn': 0}","{'p': 0.0, 'r': 0.0, 'f1': 0}","{'tp': 0, 'fp': 2, 'fn': 1}","{'p': 0, 'r': 0, 'f1': 0}","{'tp': 0, 'fp': 0, 'fn': 0}","{'p': 0, 'r': 0, 'f1': 0}","{'tp': 0, 'fp': 0, 'fn': 0}","{'p': 0, 'r': 0, 'f1': 0}","{'tp': 0, 'fp': 0, 'fn': 0}","{'p': 0.0, 'r': 0.0, 'f1': 0}","{'tp': 0, 'fp': 2, 'fn': 1}","{'p': 0, 'r': 0, 'f1': 0}","{'tp': 0, 'fp': 0, 'fn': 0}"
55,NCT02571335,,,,"training, bdnf, ms",,"{'p': 0, 'r': 0, 'f1': 0}","{'tp': 0, 'fp': 0, 'fn': 0}","{'p': 0, 'r': 0, 'f1': 0}","{'tp': 0, 'fp': 0, 'fn': 0}","{'p': 0.0, 'r': 0.0, 'f1': 0}","{'tp': 0, 'fp': 1, 'fn': 1}","{'p': 0, 'r': 0, 'f1': 0}","{'tp': 0, 'fp': 0, 'fn': 0}","{'p': 0, 'r': 0, 'f1': 0}","{'tp': 0, 'fp': 0, 'fn': 0}","{'p': 0, 'r': 0, 'f1': 0}","{'tp': 0, 'fp': 0, 'fn': 0}","{'p': 0.0, 'r': 0.0, 'f1': 0}","{'tp': 0, 'fp': 1, 'fn': 1}","{'p': 0, 'r': 0, 'f1': 0}","{'tp': 0, 'fp': 0, 'fn': 0}"
56,NCT01090934,,,,,,"{'p': 0, 'r': 0, 'f1': 0}","{'tp': 0, 'fp': 0, 'fn': 0}","{'p': 0, 'r': 0, 'f1': 0}","{'tp': 0, 'fp': 0, 'fn': 0}","{'p': 0, 'r': 0, 'f1': 0}","{'tp': 0, 'fp': 0, 'fn': 0}","{'p': 0, 'r': 0, 'f1': 0}","{'tp': 0, 'fp': 0, 'fn': 0}","{'p': 0, 'r': 0, 'f1': 0}","{'tp': 0, 'fp': 0, 'fn': 0}","{'p': 0, 'r': 0, 'f1': 0}","{'tp': 0, 'fp': 0, 'fn': 0}","{'p': 0, 'r': 0, 'f1': 0}","{'tp': 0, 'fp': 0, 'fn': 0}","{'p': 0, 'r': 0, 'f1': 0}","{'tp': 0, 'fp': 0, 'fn': 0}"
57,NCT00216502,galantamine,galantamine,galantamine,galantamine,galantamine hydrobromide,"{'p': 1.0, 'r': 1.0, 'f1': 1.0}","{'tp': 1, 'fp': 0, 'fn': 0}","{'p': 1.0, 'r': 1.0, 'f1': 1.0}","{'tp': 1, 'fp': 0, 'fn': 0}","{'p': 1.0, 'r': 1.0, 'f1': 1.0}","{'tp': 1, 'fp': 0, 'fn': 0}","{'p': 0.0, 'r': 0.0, 'f1': 0}","{'tp': 0, 'fp': 1, 'fn': 1}","{'p': 1.0, 'r': 1.0, 'f1': 1.0}","{'tp': 1, 'fp': 0, 'fn': 0}","{'p': 1.0, 'r': 1.0, 'f1': 1.0}","{'tp': 1, 'fp': 0, 'fn': 0}","{'p': 1.0, 'r': 1.0, 'f1': 1.0}","{'tp': 1, 'fp': 0, 'fn': 0}","{'p': 1.0, 'r': 1.0, 'f1': 1.0}","{'tp': 1, 'fp': 0, 'fn': 0}"
58,NCT03386669,,,,18f-thk5351|psp|cbs|nft|pd,f-18,"{'p': 0, 'r': 0, 'f1': 0}","{'tp': 0, 'fp': 0, 'fn': 0}","{'p': 0, 'r': 0, 'f1': 0}","{'tp': 0, 'fp': 0, 'fn': 0}","{'p': 0.0, 'r': 0.0, 'f1': 0}","{'tp': 0, 'fp': 5, 'fn': 1}","{'p': 0.0, 'r': 0.0, 'f1': 0}","{'tp': 0, 'fp': 1, 'fn': 1}","{'p': 0, 'r': 0, 'f1': 0}","{'tp': 0, 'fp': 0, 'fn': 0}","{'p': 0, 'r': 0, 'f1': 0}","{'tp': 0, 'fp': 0, 'fn': 0}","{'p': 0.0, 'r': 0.0, 'f1': 0}","{'tp': 0, 'fp': 5, 'fn': 1}","{'p': 0.0, 'r': 0.0, 'f1': 0}","{'tp': 0, 'fp': 1, 'fn': 1}"
59,NCT02976766,gypenosides,gypenosides,gypenosides,gypenosides,gypenosides,"{'p': 1.0, 'r': 1.0, 'f1': 1.0}","{'tp': 1, 'fp': 0, 'fn': 0}","{'p': 1.0, 'r': 1.0, 'f1': 1.0}","{'tp': 1, 'fp': 0, 'fn': 0}","{'p': 1.0, 'r': 1.0, 'f1': 1.0}","{'tp': 1, 'fp': 0, 'fn': 0}","{'p': 1.0, 'r': 1.0, 'f1': 1.0}","{'tp': 1, 'fp': 0, 'fn': 0}","{'p': 1.0, 'r': 1.0, 'f1': 1.0}","{'tp': 1, 'fp': 0, 'fn': 0}","{'p': 1.0, 'r': 1.0, 'f1': 1.0}","{'tp': 1, 'fp': 0, 'fn': 0}","{'p': 1.0, 'r': 1.0, 'f1': 1.0}","{'tp': 1, 'fp': 0, 'fn': 0}","{'p': 1.0, 'r': 1.0, 'f1': 1.0}","{'tp': 1, 'fp': 0, 'fn': 0}"
60,NCT00665223,acr16,acr16,acr16,acr16|placebo,acr16,"{'p': 1.0, 'r': 1.0, 'f1': 1.0}","{'tp': 1, 'fp': 0, 'fn': 0}","{'p': 1.0, 'r': 1.0, 'f1': 1.0}","{'tp': 1, 'fp': 0, 'fn': 0}","{'p': 0.5, 'r': 1.0, 'f1': 0.67}","{'tp': 1, 'fp': 1, 'fn': 0}","{'p': 1.0, 'r': 1.0, 'f1': 1.0}","{'tp': 1, 'fp': 0, 'fn': 0}","{'p': 1.0, 'r': 1.0, 'f1': 1.0}","{'tp': 1, 'fp': 0, 'fn': 0}","{'p': 1.0, 'r': 1.0, 'f1': 1.0}","{'tp': 1, 'fp': 0, 'fn': 0}","{'p': 0.5, 'r': 1.0, 'f1': 0.67}","{'tp': 1, 'fp': 1, 'fn': 0}","{'p': 1.0, 'r': 1.0, 'f1': 1.0}","{'tp': 1, 'fp': 0, 'fn': 0}"
61,NCT02474407,diazepam|diazepam,diazepam|drg|dzns|diazepam,diazepam|dzns|diazepam,diazepam nasal spray|diazepam rectal gel|diazepam,diazepam nasal spray|diazepam rectal gel,"{'p': 0.33, 'r': 1.0, 'f1': 0.5}","{'tp': 1, 'fp': 2, 'fn': 0}","{'p': 0.5, 'r': 1.0, 'f1': 0.67}","{'tp': 1, 'fp': 1, 'fn': 0}","{'p': 0.33, 'r': 1.0, 'f1': 0.5}","{'tp': 1, 'fp': 2, 'fn': 0}","{'p': 0.0, 'r': 0.0, 'f1': 0}","{'tp': 0, 'fp': 2, 'fn': 1}","{'p': 0.33, 'r': 1.0, 'f1': 0.5}","{'tp': 1, 'fp': 2, 'fn': 0}","{'p': 0.5, 'r': 1.0, 'f1': 0.67}","{'tp': 1, 'fp': 1, 'fn': 0}","{'p': 1.0, 'r': 1.0, 'f1': 1.0}","{'tp': 1, 'fp': 0, 'fn': 0}","{'p': 1.0, 'r': 1.0, 'f1': 1.0}","{'tp': 1, 'fp': 0, 'fn': 0}"
62,NCT00183625,olanzapine|risperidone,olanzapine|risperidone,olanzapine,risperidone|olanzapine,individual placement and support (supported employment)|olanzapine|risperidone|social skills training,"{'p': 1.0, 'r': 1.0, 'f1': 1.0}","{'tp': 2, 'fp': 0, 'fn': 0}","{'p': 1.0, 'r': 0.5, 'f1': 0.67}","{'tp': 1, 'fp': 0, 'fn': 1}","{'p': 1.0, 'r': 1.0, 'f1': 1.0}","{'tp': 2, 'fp': 0, 'fn': 0}","{'p': 0.5, 'r': 1.0, 'f1': 0.67}","{'tp': 2, 'fp': 2, 'fn': 0}","{'p': 1.0, 'r': 1.0, 'f1': 1.0}","{'tp': 2, 'fp': 0, 'fn': 0}","{'p': 1.0, 'r': 0.5, 'f1': 0.67}","{'tp': 1, 'fp': 0, 'fn': 1}","{'p': 1.0, 'r': 1.0, 'f1': 1.0}","{'tp': 2, 'fp': 0, 'fn': 0}","{'p': 0.5, 'r': 1.0, 'f1': 0.67}","{'tp': 2, 'fp': 2, 'fn': 0}"
63,NCT05696665,,,saffron|chamo,saffron|chamomile,crocin and apigenin|saffron and chamomile|conventional therapy,"{'p': 0, 'r': 0, 'f1': 0}","{'tp': 0, 'fp': 0, 'fn': 0}","{'p': 0.0, 'r': 0.0, 'f1': 0}","{'tp': 0, 'fp': 2, 'fn': 1}","{'p': 0.0, 'r': 0.0, 'f1': 0}","{'tp': 0, 'fp': 2, 'fn': 1}","{'p': 0.0, 'r': 0.0, 'f1': 0}","{'tp': 0, 'fp': 3, 'fn': 1}","{'p': 0, 'r': 0, 'f1': 0}","{'tp': 0, 'fp': 0, 'fn': 0}","{'p': 0.0, 'r': 0.0, 'f1': 0}","{'tp': 0, 'fp': 2, 'fn': 1}","{'p': 0.0, 'r': 0.0, 'f1': 0}","{'tp': 0, 'fp': 2, 'fn': 1}","{'p': 0.0, 'r': 0.0, 'f1': 0}","{'tp': 0, 'fp': 3, 'fn': 1}"
64,NCT05606653,,,,,,"{'p': 0, 'r': 0, 'f1': 0}","{'tp': 0, 'fp': 0, 'fn': 0}","{'p': 0, 'r': 0, 'f1': 0}","{'tp': 0, 'fp': 0, 'fn': 0}","{'p': 0, 'r': 0, 'f1': 0}","{'tp': 0, 'fp': 0, 'fn': 0}","{'p': 0, 'r': 0, 'f1': 0}","{'tp': 0, 'fp': 0, 'fn': 0}","{'p': 0, 'r': 0, 'f1': 0}","{'tp': 0, 'fp': 0, 'fn': 0}","{'p': 0, 'r': 0, 'f1': 0}","{'tp': 0, 'fp': 0, 'fn': 0}","{'p': 0, 'r': 0, 'f1': 0}","{'tp': 0, 'fp': 0, 'fn': 0}","{'p': 0, 'r': 0, 'f1': 0}","{'tp': 0, 'fp': 0, 'fn': 0}"
65,NCT01865721,entonox,entonox,entonox,entonox,entonox,"{'p': 1.0, 'r': 1.0, 'f1': 1.0}","{'tp': 1, 'fp': 0, 'fn': 0}","{'p': 1.0, 'r': 1.0, 'f1': 1.0}","{'tp': 1, 'fp': 0, 'fn': 0}","{'p': 1.0, 'r': 1.0, 'f1': 1.0}","{'tp': 1, 'fp': 0, 'fn': 0}","{'p': 1.0, 'r': 1.0, 'f1': 1.0}","{'tp': 1, 'fp': 0, 'fn': 0}","{'p': 1.0, 'r': 1.0, 'f1': 1.0}","{'tp': 1, 'fp': 0, 'fn': 0}","{'p': 1.0, 'r': 1.0, 'f1': 1.0}","{'tp': 1, 'fp': 0, 'fn': 0}","{'p': 1.0, 'r': 1.0, 'f1': 1.0}","{'tp': 1, 'fp': 0, 'fn': 0}","{'p': 1.0, 'r': 1.0, 'f1': 1.0}","{'tp': 1, 'fp': 0, 'fn': 0}"
66,NCT01866384,,,,targeted temperature management|temperature modulation|hypothermia|temperature|physiopathologic processes|inflammatory activation|degradation of blood-brain barrier|brain injury|ultra-early protocol|active temperature modulation|targeted temperature management|mild induced hypothermia|mih|hg|cerebral edema|systemic and local inflammatory responses|ttm|mih|hg|cerebral edema|iph,,"{'p': 0, 'r': 0, 'f1': 0}","{'tp': 0, 'fp': 0, 'fn': 0}","{'p': 0, 'r': 0, 'f1': 0}","{'tp': 0, 'fp': 0, 'fn': 0}","{'p': 0.0, 'r': 0.0, 'f1': 0}","{'tp': 0, 'fp': 17, 'fn': 1}","{'p': 0, 'r': 0, 'f1': 0}","{'tp': 0, 'fp': 0, 'fn': 0}","{'p': 0, 'r': 0, 'f1': 0}","{'tp': 0, 'fp': 0, 'fn': 0}","{'p': 0, 'r': 0, 'f1': 0}","{'tp': 0, 'fp': 0, 'fn': 0}","{'p': 0.0, 'r': 0.0, 'f1': 0}","{'tp': 0, 'fp': 17, 'fn': 1}","{'p': 0, 'r': 0, 'f1': 0}","{'tp': 0, 'fp': 0, 'fn': 0}"
67,NCT03621878,,,,neural mobilization techniques|slider|tensioner,,"{'p': 0, 'r': 0, 'f1': 0}","{'tp': 0, 'fp': 0, 'fn': 0}","{'p': 0, 'r': 0, 'f1': 0}","{'tp': 0, 'fp': 0, 'fn': 0}","{'p': 0.0, 'r': 0.0, 'f1': 0}","{'tp': 0, 'fp': 3, 'fn': 1}","{'p': 0, 'r': 0, 'f1': 0}","{'tp': 0, 'fp': 0, 'fn': 0}","{'p': 0, 'r': 0, 'f1': 0}","{'tp': 0, 'fp': 0, 'fn': 0}","{'p': 0, 'r': 0, 'f1': 0}","{'tp': 0, 'fp': 0, 'fn': 0}","{'p': 0.0, 'r': 0.0, 'f1': 0}","{'tp': 0, 'fp': 3, 'fn': 1}","{'p': 0, 'r': 0, 'f1': 0}","{'tp': 0, 'fp': 0, 'fn': 0}"
68,NCT04241679,,,,,,"{'p': 0, 'r': 0, 'f1': 0}","{'tp': 0, 'fp': 0, 'fn': 0}","{'p': 0, 'r': 0, 'f1': 0}","{'tp': 0, 'fp': 0, 'fn': 0}","{'p': 0, 'r': 0, 'f1': 0}","{'tp': 0, 'fp': 0, 'fn': 0}","{'p': 0, 'r': 0, 'f1': 0}","{'tp': 0, 'fp': 0, 'fn': 0}","{'p': 0, 'r': 0, 'f1': 0}","{'tp': 0, 'fp': 0, 'fn': 0}","{'p': 0, 'r': 0, 'f1': 0}","{'tp': 0, 'fp': 0, 'fn': 0}","{'p': 0, 'r': 0, 'f1': 0}","{'tp': 0, 'fp': 0, 'fn': 0}","{'p': 0, 'r': 0, 'f1': 0}","{'tp': 0, 'fp': 0, 'fn': 0}"
69,NCT00370838,levetiracetam|clonidine|levetiracetam,levetiracetam|clonidine|levetiracetam,levetiracetam|clonidine|levetiracetam,levetiracetam|clonidine,clonidine|levetiracetam,"{'p': 1.0, 'r': 1.0, 'f1': 1.0}","{'tp': 2, 'fp': 0, 'fn': 0}","{'p': 1.0, 'r': 1.0, 'f1': 1.0}","{'tp': 2, 'fp': 0, 'fn': 0}","{'p': 1.0, 'r': 1.0, 'f1': 1.0}","{'tp': 2, 'fp': 0, 'fn': 0}","{'p': 1.0, 'r': 1.0, 'f1': 1.0}","{'tp': 2, 'fp': 0, 'fn': 0}","{'p': 1.0, 'r': 1.0, 'f1': 1.0}","{'tp': 2, 'fp': 0, 'fn': 0}","{'p': 1.0, 'r': 1.0, 'f1': 1.0}","{'tp': 2, 'fp': 0, 'fn': 0}","{'p': 1.0, 'r': 1.0, 'f1': 1.0}","{'tp': 2, 'fp': 0, 'fn': 0}","{'p': 1.0, 'r': 1.0, 'f1': 1.0}","{'tp': 2, 'fp': 0, 'fn': 0}"
70,NCT04164810,,,,hydrotherapy|hydrotherapy|standard physical therapy|hydrotherapy|hydrotherapy,,"{'p': 0, 'r': 0, 'f1': 0}","{'tp': 0, 'fp': 0, 'fn': 0}","{'p': 0, 'r': 0, 'f1': 0}","{'tp': 0, 'fp': 0, 'fn': 0}","{'p': 0.0, 'r': 0.0, 'f1': 0}","{'tp': 0, 'fp': 2, 'fn': 1}","{'p': 0, 'r': 0, 'f1': 0}","{'tp': 0, 'fp': 0, 'fn': 0}","{'p': 0, 'r': 0, 'f1': 0}","{'tp': 0, 'fp': 0, 'fn': 0}","{'p': 0, 'r': 0, 'f1': 0}","{'tp': 0, 'fp': 0, 'fn': 0}","{'p': 0.0, 'r': 0.0, 'f1': 0}","{'tp': 0, 'fp': 2, 'fn': 1}","{'p': 0, 'r': 0, 'f1': 0}","{'tp': 0, 'fp': 0, 'fn': 0}"
71,NCT03916029,,,,"hearing for learning initiative, hfli",,"{'p': 0, 'r': 0, 'f1': 0}","{'tp': 0, 'fp': 0, 'fn': 0}","{'p': 0, 'r': 0, 'f1': 0}","{'tp': 0, 'fp': 0, 'fn': 0}","{'p': 0.0, 'r': 0.0, 'f1': 0}","{'tp': 0, 'fp': 1, 'fn': 1}","{'p': 0, 'r': 0, 'f1': 0}","{'tp': 0, 'fp': 0, 'fn': 0}","{'p': 0, 'r': 0, 'f1': 0}","{'tp': 0, 'fp': 0, 'fn': 0}","{'p': 0, 'r': 0, 'f1': 0}","{'tp': 0, 'fp': 0, 'fn': 0}","{'p': 0.0, 'r': 0.0, 'f1': 0}","{'tp': 0, 'fp': 1, 'fn': 1}","{'p': 0, 'r': 0, 'f1': 0}","{'tp': 0, 'fp': 0, 'fn': 0}"
72,NCT00818428,,,,speech therapy methods|treatment approaches|articulation accuracy,,"{'p': 0, 'r': 0, 'f1': 0}","{'tp': 0, 'fp': 0, 'fn': 0}","{'p': 0, 'r': 0, 'f1': 0}","{'tp': 0, 'fp': 0, 'fn': 0}","{'p': 0.0, 'r': 0.0, 'f1': 0}","{'tp': 0, 'fp': 3, 'fn': 1}","{'p': 0, 'r': 0, 'f1': 0}","{'tp': 0, 'fp': 0, 'fn': 0}","{'p': 0, 'r': 0, 'f1': 0}","{'tp': 0, 'fp': 0, 'fn': 0}","{'p': 0, 'r': 0, 'f1': 0}","{'tp': 0, 'fp': 0, 'fn': 0}","{'p': 0.0, 'r': 0.0, 'f1': 0}","{'tp': 0, 'fp': 3, 'fn': 1}","{'p': 0, 'r': 0, 'f1': 0}","{'tp': 0, 'fp': 0, 'fn': 0}"
73,NCT05490576,,,,[18f] pi-2620,,"{'p': 0, 'r': 0, 'f1': 0}","{'tp': 0, 'fp': 0, 'fn': 0}","{'p': 0, 'r': 0, 'f1': 0}","{'tp': 0, 'fp': 0, 'fn': 0}","{'p': 0.0, 'r': 0.0, 'f1': 0}","{'tp': 0, 'fp': 1, 'fn': 1}","{'p': 0, 'r': 0, 'f1': 0}","{'tp': 0, 'fp': 0, 'fn': 0}","{'p': 0, 'r': 0, 'f1': 0}","{'tp': 0, 'fp': 0, 'fn': 0}","{'p': 0, 'r': 0, 'f1': 0}","{'tp': 0, 'fp': 0, 'fn': 0}","{'p': 0.0, 'r': 0.0, 'f1': 0}","{'tp': 0, 'fp': 1, 'fn': 1}","{'p': 0, 'r': 0, 'f1': 0}","{'tp': 0, 'fp': 0, 'fn': 0}"
74,NCT04210063,,,,inspiratory muscle training (imt),,"{'p': 0, 'r': 0, 'f1': 0}","{'tp': 0, 'fp': 0, 'fn': 0}","{'p': 0, 'r': 0, 'f1': 0}","{'tp': 0, 'fp': 0, 'fn': 0}","{'p': 0.0, 'r': 0.0, 'f1': 0}","{'tp': 0, 'fp': 1, 'fn': 1}","{'p': 0, 'r': 0, 'f1': 0}","{'tp': 0, 'fp': 0, 'fn': 0}","{'p': 0, 'r': 0, 'f1': 0}","{'tp': 0, 'fp': 0, 'fn': 0}","{'p': 0, 'r': 0, 'f1': 0}","{'tp': 0, 'fp': 0, 'fn': 0}","{'p': 0.0, 'r': 0.0, 'f1': 0}","{'tp': 0, 'fp': 1, 'fn': 1}","{'p': 0, 'r': 0, 'f1': 0}","{'tp': 0, 'fp': 0, 'fn': 0}"
75,NCT00608660,,,,acupuncture|mo,,"{'p': 0, 'r': 0, 'f1': 0}","{'tp': 0, 'fp': 0, 'fn': 0}","{'p': 0, 'r': 0, 'f1': 0}","{'tp': 0, 'fp': 0, 'fn': 0}","{'p': 0.0, 'r': 0.0, 'f1': 0}","{'tp': 0, 'fp': 2, 'fn': 1}","{'p': 0, 'r': 0, 'f1': 0}","{'tp': 0, 'fp': 0, 'fn': 0}","{'p': 0, 'r': 0, 'f1': 0}","{'tp': 0, 'fp': 0, 'fn': 0}","{'p': 0, 'r': 0, 'f1': 0}","{'tp': 0, 'fp': 0, 'fn': 0}","{'p': 0.0, 'r': 0.0, 'f1': 0}","{'tp': 0, 'fp': 2, 'fn': 1}","{'p': 0, 'r': 0, 'f1': 0}","{'tp': 0, 'fp': 0, 'fn': 0}"
76,NCT00142324,cholinesterase inhibitor|donepezil,cholinesterase inhibitor|donepezil,cholinesterase inhibitor|donepezil,donepezil|placebo,donepezil,"{'p': 1.0, 'r': 1.0, 'f1': 1.0}","{'tp': 2, 'fp': 0, 'fn': 0}","{'p': 1.0, 'r': 1.0, 'f1': 1.0}","{'tp': 2, 'fp': 0, 'fn': 0}","{'p': 0.5, 'r': 0.5, 'f1': 0.5}","{'tp': 1, 'fp': 1, 'fn': 1}","{'p': 1.0, 'r': 0.5, 'f1': 0.67}","{'tp': 1, 'fp': 0, 'fn': 1}","{'p': 1.0, 'r': 1.0, 'f1': 1.0}","{'tp': 2, 'fp': 0, 'fn': 0}","{'p': 1.0, 'r': 1.0, 'f1': 1.0}","{'tp': 2, 'fp': 0, 'fn': 0}","{'p': 0.5, 'r': 0.5, 'f1': 0.5}","{'tp': 1, 'fp': 1, 'fn': 1}","{'p': 1.0, 'r': 0.5, 'f1': 0.67}","{'tp': 1, 'fp': 0, 'fn': 1}"
77,NCT03893214,,,,virtual reality exposure therapy for acrophobia in a single session design and the role of respiration for fear extinction,,"{'p': 0, 'r': 0, 'f1': 0}","{'tp': 0, 'fp': 0, 'fn': 0}","{'p': 0, 'r': 0, 'f1': 0}","{'tp': 0, 'fp': 0, 'fn': 0}","{'p': 0.0, 'r': 0.0, 'f1': 0}","{'tp': 0, 'fp': 1, 'fn': 1}","{'p': 0, 'r': 0, 'f1': 0}","{'tp': 0, 'fp': 0, 'fn': 0}","{'p': 0, 'r': 0, 'f1': 0}","{'tp': 0, 'fp': 0, 'fn': 0}","{'p': 0, 'r': 0, 'f1': 0}","{'tp': 0, 'fp': 0, 'fn': 0}","{'p': 0.0, 'r': 0.0, 'f1': 0}","{'tp': 0, 'fp': 1, 'fn': 1}","{'p': 0, 'r': 0, 'f1': 0}","{'tp': 0, 'fp': 0, 'fn': 0}"
78,NCT04777500,,,,transcutaneous auricular vagus nerve stimulation,,"{'p': 0, 'r': 0, 'f1': 0}","{'tp': 0, 'fp': 0, 'fn': 0}","{'p': 0, 'r': 0, 'f1': 0}","{'tp': 0, 'fp': 0, 'fn': 0}","{'p': 0.0, 'r': 0.0, 'f1': 0}","{'tp': 0, 'fp': 1, 'fn': 1}","{'p': 0, 'r': 0, 'f1': 0}","{'tp': 0, 'fp': 0, 'fn': 0}","{'p': 0, 'r': 0, 'f1': 0}","{'tp': 0, 'fp': 0, 'fn': 0}","{'p': 0, 'r': 0, 'f1': 0}","{'tp': 0, 'fp': 0, 'fn': 0}","{'p': 0.0, 'r': 0.0, 'f1': 0}","{'tp': 0, 'fp': 1, 'fn': 1}","{'p': 0, 'r': 0, 'f1': 0}","{'tp': 0, 'fp': 0, 'fn': 0}"
79,NCT02957708,,,,modified constraint-induced movement therapy|mcimt|self-regulation|sr,,"{'p': 0, 'r': 0, 'f1': 0}","{'tp': 0, 'fp': 0, 'fn': 0}","{'p': 0, 'r': 0, 'f1': 0}","{'tp': 0, 'fp': 0, 'fn': 0}","{'p': 0.0, 'r': 0.0, 'f1': 0}","{'tp': 0, 'fp': 4, 'fn': 1}","{'p': 0, 'r': 0, 'f1': 0}","{'tp': 0, 'fp': 0, 'fn': 0}","{'p': 0, 'r': 0, 'f1': 0}","{'tp': 0, 'fp': 0, 'fn': 0}","{'p': 0, 'r': 0, 'f1': 0}","{'tp': 0, 'fp': 0, 'fn': 0}","{'p': 0.0, 'r': 0.0, 'f1': 0}","{'tp': 0, 'fp': 4, 'fn': 1}","{'p': 0, 'r': 0, 'f1': 0}","{'tp': 0, 'fp': 0, 'fn': 0}"
80,NCT00909012,doconexent,doconexent|fish oil,doconexent,docosahexaenoic acid (dha)|fish oil,,"{'p': 0.5, 'r': 1.0, 'f1': 0.67}","{'tp': 1, 'fp': 1, 'fn': 0}","{'p': 1.0, 'r': 1.0, 'f1': 1.0}","{'tp': 1, 'fp': 0, 'fn': 0}","{'p': 0.0, 'r': 0.0, 'f1': 0}","{'tp': 0, 'fp': 2, 'fn': 1}","{'p': 0.0, 'r': 0.0, 'f1': 0}","{'tp': 0, 'fp': 1, 'fn': 1}","{'p': 0.5, 'r': 1.0, 'f1': 0.67}","{'tp': 1, 'fp': 1, 'fn': 0}","{'p': 1.0, 'r': 1.0, 'f1': 1.0}","{'tp': 1, 'fp': 0, 'fn': 0}","{'p': 0.0, 'r': 0.0, 'f1': 0}","{'tp': 0, 'fp': 2, 'fn': 1}","{'p': 0.0, 'r': 0.0, 'f1': 0}","{'tp': 0, 'fp': 1, 'fn': 1}"
81,NCT04955249,dexmedetomidine,dexmedetomidine,dexmedetomidine,dexmedetomidine,dexmedetomidine,"{'p': 1.0, 'r': 1.0, 'f1': 1.0}","{'tp': 1, 'fp': 0, 'fn': 0}","{'p': 1.0, 'r': 1.0, 'f1': 1.0}","{'tp': 1, 'fp': 0, 'fn': 0}","{'p': 1.0, 'r': 1.0, 'f1': 1.0}","{'tp': 1, 'fp': 0, 'fn': 0}","{'p': 1.0, 'r': 1.0, 'f1': 1.0}","{'tp': 1, 'fp': 0, 'fn': 0}","{'p': 1.0, 'r': 1.0, 'f1': 1.0}","{'tp': 1, 'fp': 0, 'fn': 0}","{'p': 1.0, 'r': 1.0, 'f1': 1.0}","{'tp': 1, 'fp': 0, 'fn': 0}","{'p': 1.0, 'r': 1.0, 'f1': 1.0}","{'tp': 1, 'fp': 0, 'fn': 0}","{'p': 1.0, 'r': 1.0, 'f1': 1.0}","{'tp': 1, 'fp': 0, 'fn': 0}"
82,NCT00252850,,neurturin|ntn|cere-120,neurturin|ntn|cere-120|adeno-associated virus serotype 2,cere-120|adeno-associated virus serotype 2 [aav2]-neurturin[ntn]|ntn,,"{'p': 0.0, 'r': 0.0, 'f1': 0}","{'tp': 0, 'fp': 3, 'fn': 1}","{'p': 0.0, 'r': 0.0, 'f1': 0}","{'tp': 0, 'fp': 4, 'fn': 1}","{'p': 0.0, 'r': 0.0, 'f1': 0}","{'tp': 0, 'fp': 3, 'fn': 1}","{'p': 0, 'r': 0, 'f1': 0}","{'tp': 0, 'fp': 0, 'fn': 0}","{'p': 0.0, 'r': 0.0, 'f1': 0}","{'tp': 0, 'fp': 3, 'fn': 1}","{'p': 0.0, 'r': 0.0, 'f1': 0}","{'tp': 0, 'fp': 4, 'fn': 1}","{'p': 0.0, 'r': 0.0, 'f1': 0}","{'tp': 0, 'fp': 3, 'fn': 1}","{'p': 0, 'r': 0, 'f1': 0}","{'tp': 0, 'fp': 0, 'fn': 0}"
83,NCT02840643,,,,combined constraint therapy and bimanual therapy for children with unilateral brain injury|constraint-induced movement therapy|bimanual therapy,,"{'p': 0, 'r': 0, 'f1': 0}","{'tp': 0, 'fp': 0, 'fn': 0}","{'p': 0, 'r': 0, 'f1': 0}","{'tp': 0, 'fp': 0, 'fn': 0}","{'p': 0.0, 'r': 0.0, 'f1': 0}","{'tp': 0, 'fp': 3, 'fn': 1}","{'p': 0, 'r': 0, 'f1': 0}","{'tp': 0, 'fp': 0, 'fn': 0}","{'p': 0, 'r': 0, 'f1': 0}","{'tp': 0, 'fp': 0, 'fn': 0}","{'p': 0, 'r': 0, 'f1': 0}","{'tp': 0, 'fp': 0, 'fn': 0}","{'p': 0.0, 'r': 0.0, 'f1': 0}","{'tp': 0, 'fp': 3, 'fn': 1}","{'p': 0, 'r': 0, 'f1': 0}","{'tp': 0, 'fp': 0, 'fn': 0}"
84,NCT00120588,magnesium|magnesium sulfate,magnesium|magnesium sulfate,magnesium|magnesium sulfate,magnesium sulfate,magnesium,"{'p': 1.0, 'r': 1.0, 'f1': 1.0}","{'tp': 2, 'fp': 0, 'fn': 0}","{'p': 1.0, 'r': 1.0, 'f1': 1.0}","{'tp': 2, 'fp': 0, 'fn': 0}","{'p': 1.0, 'r': 0.5, 'f1': 0.67}","{'tp': 1, 'fp': 0, 'fn': 1}","{'p': 1.0, 'r': 0.5, 'f1': 0.67}","{'tp': 1, 'fp': 0, 'fn': 1}","{'p': 1.0, 'r': 1.0, 'f1': 1.0}","{'tp': 2, 'fp': 0, 'fn': 0}","{'p': 1.0, 'r': 1.0, 'f1': 1.0}","{'tp': 2, 'fp': 0, 'fn': 0}","{'p': 1.0, 'r': 1.0, 'f1': 1.0}","{'tp': 2, 'fp': 0, 'fn': 0}","{'p': 1.0, 'r': 0.5, 'f1': 0.67}","{'tp': 1, 'fp': 0, 'fn': 1}"
85,NCT03755362,,,,,,"{'p': 0, 'r': 0, 'f1': 0}","{'tp': 0, 'fp': 0, 'fn': 0}","{'p': 0, 'r': 0, 'f1': 0}","{'tp': 0, 'fp': 0, 'fn': 0}","{'p': 0, 'r': 0, 'f1': 0}","{'tp': 0, 'fp': 0, 'fn': 0}","{'p': 0, 'r': 0, 'f1': 0}","{'tp': 0, 'fp': 0, 'fn': 0}","{'p': 0, 'r': 0, 'f1': 0}","{'tp': 0, 'fp': 0, 'fn': 0}","{'p': 0, 'r': 0, 'f1': 0}","{'tp': 0, 'fp': 0, 'fn': 0}","{'p': 0, 'r': 0, 'f1': 0}","{'tp': 0, 'fp': 0, 'fn': 0}","{'p': 0, 'r': 0, 'f1': 0}","{'tp': 0, 'fp': 0, 'fn': 0}"
86,NCT00506415,rivastigmine|rivastigmine|rivastigmine patch,rivastigmine|rivastigmine|rivastigmine patch,rivastigmine|exelo,exelon®|rivastigmine,to 10 cm^2 patch|to 15 cm^2 patch|rivastigmine 10 cm^2|rivastigmine 15 cm^2|rivastigmine 5 cm^2,"{'p': 1.0, 'r': 1.0, 'f1': 1.0}","{'tp': 2, 'fp': 0, 'fn': 0}","{'p': 0.5, 'r': 0.5, 'f1': 0.5}","{'tp': 1, 'fp': 1, 'fn': 1}","{'p': 0.5, 'r': 0.5, 'f1': 0.5}","{'tp': 1, 'fp': 1, 'fn': 1}","{'p': 0.0, 'r': 0.0, 'f1': 0}","{'tp': 0, 'fp': 5, 'fn': 2}","{'p': 1.0, 'r': 1.0, 'f1': 1.0}","{'tp': 2, 'fp': 0, 'fn': 0}","{'p': 0.5, 'r': 0.5, 'f1': 0.5}","{'tp': 1, 'fp': 1, 'fn': 1}","{'p': 0.5, 'r': 0.5, 'f1': 0.5}","{'tp': 1, 'fp': 1, 'fn': 1}","{'p': 0.33, 'r': 0.5, 'f1': 0.4}","{'tp': 1, 'fp': 2, 'fn': 1}"
87,NCT01344447,,gadobutrol,gadobutrol,gadobutrol,"gadobutrol (gadovist, bay86-4875)","{'p': 0.0, 'r': 0.0, 'f1': 0}","{'tp': 0, 'fp': 1, 'fn': 1}","{'p': 0.0, 'r': 0.0, 'f1': 0}","{'tp': 0, 'fp': 1, 'fn': 1}","{'p': 0.0, 'r': 0.0, 'f1': 0}","{'tp': 0, 'fp': 1, 'fn': 1}","{'p': 0.0, 'r': 0.0, 'f1': 0}","{'tp': 0, 'fp': 1, 'fn': 1}","{'p': 0.0, 'r': 0.0, 'f1': 0}","{'tp': 0, 'fp': 1, 'fn': 1}","{'p': 0.0, 'r': 0.0, 'f1': 0}","{'tp': 0, 'fp': 1, 'fn': 1}","{'p': 0.0, 'r': 0.0, 'f1': 0}","{'tp': 0, 'fp': 1, 'fn': 1}","{'p': 0.0, 'r': 0.0, 'f1': 0}","{'tp': 0, 'fp': 1, 'fn': 1}"
88,NCT04184206,,,,,,"{'p': 0, 'r': 0, 'f1': 0}","{'tp': 0, 'fp': 0, 'fn': 0}","{'p': 0, 'r': 0, 'f1': 0}","{'tp': 0, 'fp': 0, 'fn': 0}","{'p': 0, 'r': 0, 'f1': 0}","{'tp': 0, 'fp': 0, 'fn': 0}","{'p': 0, 'r': 0, 'f1': 0}","{'tp': 0, 'fp': 0, 'fn': 0}","{'p': 0, 'r': 0, 'f1': 0}","{'tp': 0, 'fp': 0, 'fn': 0}","{'p': 0, 'r': 0, 'f1': 0}","{'tp': 0, 'fp': 0, 'fn': 0}","{'p': 0, 'r': 0, 'f1': 0}","{'tp': 0, 'fp': 0, 'fn': 0}","{'p': 0, 'r': 0, 'f1': 0}","{'tp': 0, 'fp': 0, 'fn': 0}"
89,NCT03540602,polyphenol,,,polyphenol rich supplementation,,"{'p': 0.0, 'r': 0.0, 'f1': 0}","{'tp': 0, 'fp': 1, 'fn': 1}","{'p': 0.0, 'r': 0.0, 'f1': 0}","{'tp': 0, 'fp': 1, 'fn': 1}","{'p': 0.0, 'r': 0.0, 'f1': 0}","{'tp': 0, 'fp': 1, 'fn': 1}","{'p': 0.0, 'r': 0.0, 'f1': 0}","{'tp': 0, 'fp': 1, 'fn': 1}","{'p': 0.0, 'r': 0.0, 'f1': 0}","{'tp': 0, 'fp': 1, 'fn': 1}","{'p': 0.0, 'r': 0.0, 'f1': 0}","{'tp': 0, 'fp': 1, 'fn': 1}","{'p': 1.0, 'r': 1.0, 'f1': 1.0}","{'tp': 1, 'fp': 0, 'fn': 0}","{'p': 0.0, 'r': 0.0, 'f1': 0}","{'tp': 0, 'fp': 1, 'fn': 1}"
